[
  {
    "model": "auth.permission",
    "pk": 1,
    "fields": {
      "name": "Can add log entry",
      "content_type": 1,
      "codename": "add_logentry"
    }
  },
  {
    "model": "auth.permission",
    "pk": 2,
    "fields": {
      "name": "Can change log entry",
      "content_type": 1,
      "codename": "change_logentry"
    }
  },
  {
    "model": "auth.permission",
    "pk": 3,
    "fields": {
      "name": "Can delete log entry",
      "content_type": 1,
      "codename": "delete_logentry"
    }
  },
  {
    "model": "auth.permission",
    "pk": 4,
    "fields": {
      "name": "Can view log entry",
      "content_type": 1,
      "codename": "view_logentry"
    }
  },
  {
    "model": "auth.permission",
    "pk": 5,
    "fields": {
      "name": "Can add permission",
      "content_type": 2,
      "codename": "add_permission"
    }
  },
  {
    "model": "auth.permission",
    "pk": 6,
    "fields": {
      "name": "Can change permission",
      "content_type": 2,
      "codename": "change_permission"
    }
  },
  {
    "model": "auth.permission",
    "pk": 7,
    "fields": {
      "name": "Can delete permission",
      "content_type": 2,
      "codename": "delete_permission"
    }
  },
  {
    "model": "auth.permission",
    "pk": 8,
    "fields": {
      "name": "Can view permission",
      "content_type": 2,
      "codename": "view_permission"
    }
  },
  {
    "model": "auth.permission",
    "pk": 9,
    "fields": {
      "name": "Can add group",
      "content_type": 3,
      "codename": "add_group"
    }
  },
  {
    "model": "auth.permission",
    "pk": 10,
    "fields": {
      "name": "Can change group",
      "content_type": 3,
      "codename": "change_group"
    }
  },
  {
    "model": "auth.permission",
    "pk": 11,
    "fields": {
      "name": "Can delete group",
      "content_type": 3,
      "codename": "delete_group"
    }
  },
  {
    "model": "auth.permission",
    "pk": 12,
    "fields": {
      "name": "Can view group",
      "content_type": 3,
      "codename": "view_group"
    }
  },
  {
    "model": "auth.permission",
    "pk": 13,
    "fields": {
      "name": "Can add user",
      "content_type": 4,
      "codename": "add_user"
    }
  },
  {
    "model": "auth.permission",
    "pk": 14,
    "fields": {
      "name": "Can change user",
      "content_type": 4,
      "codename": "change_user"
    }
  },
  {
    "model": "auth.permission",
    "pk": 15,
    "fields": {
      "name": "Can delete user",
      "content_type": 4,
      "codename": "delete_user"
    }
  },
  {
    "model": "auth.permission",
    "pk": 16,
    "fields": {
      "name": "Can view user",
      "content_type": 4,
      "codename": "view_user"
    }
  },
  {
    "model": "auth.permission",
    "pk": 17,
    "fields": {
      "name": "Can add content type",
      "content_type": 5,
      "codename": "add_contenttype"
    }
  },
  {
    "model": "auth.permission",
    "pk": 18,
    "fields": {
      "name": "Can change content type",
      "content_type": 5,
      "codename": "change_contenttype"
    }
  },
  {
    "model": "auth.permission",
    "pk": 19,
    "fields": {
      "name": "Can delete content type",
      "content_type": 5,
      "codename": "delete_contenttype"
    }
  },
  {
    "model": "auth.permission",
    "pk": 20,
    "fields": {
      "name": "Can view content type",
      "content_type": 5,
      "codename": "view_contenttype"
    }
  },
  {
    "model": "auth.permission",
    "pk": 21,
    "fields": {
      "name": "Can add session",
      "content_type": 6,
      "codename": "add_session"
    }
  },
  {
    "model": "auth.permission",
    "pk": 22,
    "fields": {
      "name": "Can change session",
      "content_type": 6,
      "codename": "change_session"
    }
  },
  {
    "model": "auth.permission",
    "pk": 23,
    "fields": {
      "name": "Can delete session",
      "content_type": 6,
      "codename": "delete_session"
    }
  },
  {
    "model": "auth.permission",
    "pk": 24,
    "fields": {
      "name": "Can view session",
      "content_type": 6,
      "codename": "view_session"
    }
  },
  {
    "model": "auth.permission",
    "pk": 25,
    "fields": {
      "name": "Can add event",
      "content_type": 7,
      "codename": "add_event"
    }
  },
  {
    "model": "auth.permission",
    "pk": 26,
    "fields": {
      "name": "Can change event",
      "content_type": 7,
      "codename": "change_event"
    }
  },
  {
    "model": "auth.permission",
    "pk": 27,
    "fields": {
      "name": "Can delete event",
      "content_type": 7,
      "codename": "delete_event"
    }
  },
  {
    "model": "auth.permission",
    "pk": 28,
    "fields": {
      "name": "Can view event",
      "content_type": 7,
      "codename": "view_event"
    }
  },
  {
    "model": "auth.permission",
    "pk": 29,
    "fields": {
      "name": "Can add registration",
      "content_type": 8,
      "codename": "add_registration"
    }
  },
  {
    "model": "auth.permission",
    "pk": 30,
    "fields": {
      "name": "Can change registration",
      "content_type": 8,
      "codename": "change_registration"
    }
  },
  {
    "model": "auth.permission",
    "pk": 31,
    "fields": {
      "name": "Can delete registration",
      "content_type": 8,
      "codename": "delete_registration"
    }
  },
  {
    "model": "auth.permission",
    "pk": 32,
    "fields": {
      "name": "Can view registration",
      "content_type": 8,
      "codename": "view_registration"
    }
  },
  {
    "model": "auth.permission",
    "pk": 33,
    "fields": {
      "name": "Can add user profile",
      "content_type": 9,
      "codename": "add_userprofile"
    }
  },
  {
    "model": "auth.permission",
    "pk": 34,
    "fields": {
      "name": "Can change user profile",
      "content_type": 9,
      "codename": "change_userprofile"
    }
  },
  {
    "model": "auth.permission",
    "pk": 35,
    "fields": {
      "name": "Can delete user profile",
      "content_type": 9,
      "codename": "delete_userprofile"
    }
  },
  {
    "model": "auth.permission",
    "pk": 36,
    "fields": {
      "name": "Can view user profile",
      "content_type": 9,
      "codename": "view_userprofile"
    }
  },
  {
    "model": "auth.permission",
    "pk": 37,
    "fields": {
      "name": "Can add points transaction",
      "content_type": 10,
      "codename": "add_pointstransaction"
    }
  },
  {
    "model": "auth.permission",
    "pk": 38,
    "fields": {
      "name": "Can change points transaction",
      "content_type": 10,
      "codename": "change_pointstransaction"
    }
  },
  {
    "model": "auth.permission",
    "pk": 39,
    "fields": {
      "name": "Can delete points transaction",
      "content_type": 10,
      "codename": "delete_pointstransaction"
    }
  },
  {
    "model": "auth.permission",
    "pk": 40,
    "fields": {
      "name": "Can view points transaction",
      "content_type": 10,
      "codename": "view_pointstransaction"
    }
  },
  {
    "model": "auth.permission",
    "pk": 41,
    "fields": {
      "name": "Can add announcement",
      "content_type": 11,
      "codename": "add_announcement"
    }
  },
  {
    "model": "auth.permission",
    "pk": 42,
    "fields": {
      "name": "Can change announcement",
      "content_type": 11,
      "codename": "change_announcement"
    }
  },
  {
    "model": "auth.permission",
    "pk": 43,
    "fields": {
      "name": "Can delete announcement",
      "content_type": 11,
      "codename": "delete_announcement"
    }
  },
  {
    "model": "auth.permission",
    "pk": 44,
    "fields": {
      "name": "Can view announcement",
      "content_type": 11,
      "codename": "view_announcement"
    }
  },
  {
    "model": "auth.permission",
    "pk": 45,
    "fields": {
      "name": "Can add organization",
      "content_type": 12,
      "codename": "add_organization"
    }
  },
  {
    "model": "auth.permission",
    "pk": 46,
    "fields": {
      "name": "Can change organization",
      "content_type": 12,
      "codename": "change_organization"
    }
  },
  {
    "model": "auth.permission",
    "pk": 47,
    "fields": {
      "name": "Can delete organization",
      "content_type": 12,
      "codename": "delete_organization"
    }
  },
  {
    "model": "auth.permission",
    "pk": 48,
    "fields": {
      "name": "Can view organization",
      "content_type": 12,
      "codename": "view_organization"
    }
  },
  {
    "model": "auth.permission",
    "pk": 49,
    "fields": {
      "name": "Can add organization invite",
      "content_type": 13,
      "codename": "add_organizationinvite"
    }
  },
  {
    "model": "auth.permission",
    "pk": 50,
    "fields": {
      "name": "Can change organization invite",
      "content_type": 13,
      "codename": "change_organizationinvite"
    }
  },
  {
    "model": "auth.permission",
    "pk": 51,
    "fields": {
      "name": "Can delete organization invite",
      "content_type": 13,
      "codename": "delete_organizationinvite"
    }
  },
  {
    "model": "auth.permission",
    "pk": 52,
    "fields": {
      "name": "Can view organization invite",
      "content_type": 13,
      "codename": "view_organizationinvite"
    }
  },
  {
    "model": "auth.permission",
    "pk": 53,
    "fields": {
      "name": "Can add organization membership",
      "content_type": 14,
      "codename": "add_organizationmembership"
    }
  },
  {
    "model": "auth.permission",
    "pk": 54,
    "fields": {
      "name": "Can change organization membership",
      "content_type": 14,
      "codename": "change_organizationmembership"
    }
  },
  {
    "model": "auth.permission",
    "pk": 55,
    "fields": {
      "name": "Can delete organization membership",
      "content_type": 14,
      "codename": "delete_organizationmembership"
    }
  },
  {
    "model": "auth.permission",
    "pk": 56,
    "fields": {
      "name": "Can view organization membership",
      "content_type": 14,
      "codename": "view_organizationmembership"
    }
  },
  {
    "model": "auth.permission",
    "pk": 57,
    "fields": {
      "name": "Can add attendance record",
      "content_type": 15,
      "codename": "add_attendancerecord"
    }
  },
  {
    "model": "auth.permission",
    "pk": 58,
    "fields": {
      "name": "Can change attendance record",
      "content_type": 15,
      "codename": "change_attendancerecord"
    }
  },
  {
    "model": "auth.permission",
    "pk": 59,
    "fields": {
      "name": "Can delete attendance record",
      "content_type": 15,
      "codename": "delete_attendancerecord"
    }
  },
  {
    "model": "auth.permission",
    "pk": 60,
    "fields": {
      "name": "Can view attendance record",
      "content_type": 15,
      "codename": "view_attendancerecord"
    }
  },
  {
    "model": "auth.permission",
    "pk": 61,
    "fields": {
      "name": "Can add qr code",
      "content_type": 16,
      "codename": "add_qrcode"
    }
  },
  {
    "model": "auth.permission",
    "pk": 62,
    "fields": {
      "name": "Can change qr code",
      "content_type": 16,
      "codename": "change_qrcode"
    }
  },
  {
    "model": "auth.permission",
    "pk": 63,
    "fields": {
      "name": "Can delete qr code",
      "content_type": 16,
      "codename": "delete_qrcode"
    }
  },
  {
    "model": "auth.permission",
    "pk": 64,
    "fields": {
      "name": "Can view qr code",
      "content_type": 16,
      "codename": "view_qrcode"
    }
  },
  {
    "model": "auth.permission",
    "pk": 65,
    "fields": {
      "name": "Can add excuse",
      "content_type": 17,
      "codename": "add_excuse"
    }
  },
  {
    "model": "auth.permission",
    "pk": 66,
    "fields": {
      "name": "Can change excuse",
      "content_type": 17,
      "codename": "change_excuse"
    }
  },
  {
    "model": "auth.permission",
    "pk": 67,
    "fields": {
      "name": "Can delete excuse",
      "content_type": 17,
      "codename": "delete_excuse"
    }
  },
  {
    "model": "auth.permission",
    "pk": 68,
    "fields": {
      "name": "Can view excuse",
      "content_type": 17,
      "codename": "view_excuse"
    }
  },
  {
    "model": "auth.user",
    "pk": 1,
    "fields": {
      "password": "pbkdf2_sha256$1000000$qxLYBqlOMz8xfEisKr55oa$aJKJ/cYNPseepz7mIO7yEUapLOTCuKluRv8dhJt7PTI=",
      "last_login": "2025-10-28T14:08:01.895Z",
      "is_superuser": true,
      "username": "tester",
      "first_name": "",
      "last_name": "",
      "email": "",
      "is_staff": true,
      "is_active": true,
      "date_joined": "2025-10-28T14:07:42.858Z",
      "groups": [],
      "user_permissions": []
    }
  },
  {
    "model": "auth.user",
    "pk": 2,
    "fields": {
      "password": "pbkdf2_sha256$1000000$M7qC7UDlZW20mQOkPirTwx$/Kd6wPtyvTJCOfy+Y3FChMRmGXO3Ek6HowUbavv2Y3w=",
      "last_login": "2025-11-02T11:05:20.484Z",
      "is_superuser": false,
      "username": "tester123",
      "first_name": "tester",
      "last_name": "tester",
      "email": "202380231@psu.palawan.edu.ph",
      "is_staff": false,
      "is_active": true,
      "date_joined": "2025-11-02T11:05:20.025Z",
      "groups": [],
      "user_permissions": []
    }
  },
  {
    "model": "auth.user",
    "pk": 3,
    "fields": {
      "password": "pbkdf2_sha256$1000000$RDXxxdhScuZ32AzmXiRyEh$ivUIMjnuP4LBg6pgQH2SJ745rW+81E1YCQntgEWmFho=",
      "last_login": "2025-12-16T11:26:53.263Z",
      "is_superuser": true,
      "username": "jays",
      "first_name": "",
      "last_name": "",
      "email": "",
      "is_staff": true,
      "is_active": true,
      "date_joined": "2025-11-02T11:22:08.228Z",
      "groups": [],
      "user_permissions": []
    }
  },
  {
    "model": "auth.user",
    "pk": 4,
    "fields": {
      "password": "pbkdf2_sha256$1000000$oBhmZMVWHxFPGIXtm9kuiE$NLNWoQNzaG4zRTosAkAmhgQtv+BYSB0nUBOwNF+Clks=",
      "last_login": "2025-11-30T06:22:48.120Z",
      "is_superuser": false,
      "username": "eventeasetest",
      "first_name": "Event",
      "last_name": "Ease",
      "email": "test@gmail.com",
      "is_staff": false,
      "is_active": true,
      "date_joined": "2025-11-02T16:21:53.509Z",
      "groups": [],
      "user_permissions": []
    }
  },
  {
    "model": "auth.user",
    "pk": 5,
    "fields": {
      "password": "pbkdf2_sha256$1000000$G3zhXU2pXnRmiwb7FBZfl0$TjAtj+PBdLHNHD0xfpwbPzKPHsbfw3ezvyhNHogcYqM=",
      "last_login": "2025-11-30T01:52:15.983Z",
      "is_superuser": false,
      "username": "Jophil",
      "first_name": "Jophil",
      "last_name": "Gulane",
      "email": "jophilgulane.me@gmail.com",
      "is_staff": false,
      "is_active": true,
      "date_joined": "2025-11-28T21:34:54.459Z",
      "groups": [],
      "user_permissions": []
    }
  },
  {
    "model": "auth.user",
    "pk": 6,
    "fields": {
      "password": "pbkdf2_sha256$1000000$gJuKt2smf1oZC1j9TEwZLF$GdGJuSSnfg6zbj+xGkvs5CWSdAjVuFntsudIgqOyLYU=",
      "last_login": null,
      "is_superuser": false,
      "username": "Tracy",
      "first_name": "Tracy Paige",
      "last_name": "Abian",
      "email": "paigetracy08@gmail.com",
      "is_staff": false,
      "is_active": false,
      "date_joined": "2025-11-28T21:52:09.699Z",
      "groups": [],
      "user_permissions": []
    }
  },
  {
    "model": "auth.user",
    "pk": 7,
    "fields": {
      "password": "pbkdf2_sha256$1000000$hhfJLZF5TvuINEMMx2bmXM$LdBdXtc3BKZBS+wAKIr4cN8zoZgkW06EtxztoJo4m8E=",
      "last_login": "2025-11-28T22:06:41.205Z",
      "is_superuser": false,
      "username": "pulse",
      "first_name": "pulse",
      "last_name": "test",
      "email": "a.obituary409@aleeas.com",
      "is_staff": false,
      "is_active": true,
      "date_joined": "2025-11-28T21:59:38.182Z",
      "groups": [],
      "user_permissions": []
    }
  },
  {
    "model": "auth.user",
    "pk": 8,
    "fields": {
      "password": "pbkdf2_sha256$1000000$tBJk7pP8NNxwc7zZXOL9Ix$DCYp9VIHDPCnttb6JvD6GuLaRxdOmMP6sMOENW2YQT0=",
      "last_login": "2025-12-16T12:07:42.425Z",
      "is_superuser": false,
      "username": "Tracypaige",
      "first_name": "Tracy Paige",
      "last_name": "Abian",
      "email": "202370150@psu.palawan.edu.ph",
      "is_staff": false,
      "is_active": true,
      "date_joined": "2025-11-29T03:03:32.478Z",
      "groups": [],
      "user_permissions": []
    }
  },
  {
    "model": "auth.user",
    "pk": 9,
    "fields": {
      "password": "pbkdf2_sha256$1000000$I8GNlg0vw9fWIq8M655hPg$vhIHZkbjXkbfzkGGZ8F13qEgwG5PLLgERFi4R8uoh2U=",
      "last_login": "2025-11-30T04:31:33.447Z",
      "is_superuser": false,
      "username": "JohnDagoy",
      "first_name": "John Carlo",
      "last_name": "Dagoy",
      "email": "202380282@psu.palawan.edu.ph",
      "is_staff": false,
      "is_active": true,
      "date_joined": "2025-11-30T04:24:18.165Z",
      "groups": [],
      "user_permissions": []
    }
  },
  {
    "model": "auth.user",
    "pk": 10,
    "fields": {
      "password": "pbkdf2_sha256$1000000$pKCAcfFwFm2kfT8p1QyRJH$gtHWcyJOAaUOme+AIGOaMRnuHu38AmCfEpRRkaOCo+U=",
      "last_login": "2025-11-30T11:24:44.268Z",
      "is_superuser": false,
      "username": "steigmeister",
      "first_name": "Troy",
      "last_name": "Rana",
      "email": "steigmeister@gmail.com",
      "is_staff": false,
      "is_active": true,
      "date_joined": "2025-11-30T11:07:55.970Z",
      "groups": [],
      "user_permissions": []
    }
  },
  {
    "model": "auth.user",
    "pk": 11,
    "fields": {
      "password": "pbkdf2_sha256$1000000$zFuSleZ4mjezA1Pfzj4O4e$vjhl9CfnAYFyfy4uUkZfX5yZT9dV8ygiXlggOSwAEJc=",
      "last_login": null,
      "is_superuser": false,
      "username": "troy-test",
      "first_name": "Troy-test",
      "last_name": "Rana",
      "email": "202280000@psu.palawan.edu.ph",
      "is_staff": false,
      "is_active": false,
      "date_joined": "2025-11-30T11:14:56.706Z",
      "groups": [],
      "user_permissions": []
    }
  },
  {
    "model": "auth.user",
    "pk": 12,
    "fields": {
      "password": "pbkdf2_sha256$1000000$Notn9FNDvcpJks7WRMzJId$hgBWrAY+cUO6jrLlNeTahfwmTPJavmV8RvkOg2cc0ho=",
      "last_login": "2025-11-30T11:20:53.810Z",
      "is_superuser": false,
      "username": "troytestmem",
      "first_name": "Troy-test",
      "last_name": "Rana",
      "email": "201280486@psu.palawan.edu.ph",
      "is_staff": false,
      "is_active": true,
      "date_joined": "2025-11-30T11:15:57.895Z",
      "groups": [],
      "user_permissions": []
    }
  },
  {
    "model": "auth.user",
    "pk": 13,
    "fields": {
      "password": "pbkdf2_sha256$1000000$VJsHHBWrnNiHRzBNdD56LR$imxHwfygmcL1eUBQt6SA0ToOm8LTZDU0hvE+e+2NLsM=",
      "last_login": "2025-12-01T00:01:42.181Z",
      "is_superuser": false,
      "username": "Lenneth",
      "first_name": "Lenneth",
      "last_name": "Arenio",
      "email": "202380350@psu.palawan.edu.ph",
      "is_staff": false,
      "is_active": true,
      "date_joined": "2025-11-30T11:17:23.052Z",
      "groups": [],
      "user_permissions": []
    }
  },
  {
    "model": "auth.user",
    "pk": 14,
    "fields": {
      "password": "pbkdf2_sha256$1000000$uMDpo5smYXignaw33cWNvK$/HFablwjtQgelunS9TIO+ASAURa9o+yR84G/DDZpriM=",
      "last_login": null,
      "is_superuser": false,
      "username": "hawksprey123",
      "first_name": "NESTOR",
      "last_name": "ASAG",
      "email": "nestorjannasag@gmail.com",
      "is_staff": false,
      "is_active": true,
      "date_joined": "2025-11-30T11:31:12.047Z",
      "groups": [],
      "user_permissions": []
    }
  },
  {
    "model": "auth.user",
    "pk": 15,
    "fields": {
      "password": "pbkdf2_sha256$1000000$mGTL7EaGxGc5ULQENnaRJb$Xdd570iHkhhQ7C1s3Fm8IoBefYVxh700x8JbXCaNUJo=",
      "last_login": null,
      "is_superuser": false,
      "username": "hawksprey1234",
      "first_name": "NESTOR",
      "last_name": "ASAG",
      "email": "nestorjann123@gmail.com",
      "is_staff": false,
      "is_active": false,
      "date_joined": "2025-11-30T11:39:55.193Z",
      "groups": [],
      "user_permissions": []
    }
  },
  {
    "model": "auth.user",
    "pk": 16,
    "fields": {
      "password": "pbkdf2_sha256$1000000$ykwCpvbz3HlohiauczJeHI$K55ITQLjJaxp0yUih9TjxXpE38egLUJ6/mp2EYWGZpg=",
      "last_login": "2025-12-15T01:42:06.256Z",
      "is_superuser": true,
      "username": "pulsedev",
      "first_name": "",
      "last_name": "",
      "email": "",
      "is_staff": true,
      "is_active": true,
      "date_joined": "2025-11-30T11:40:11.436Z",
      "groups": [],
      "user_permissions": []
    }
  },
  {
    "model": "auth.user",
    "pk": 17,
    "fields": {
      "password": "pbkdf2_sha256$1000000$1H2UfOPJcnW93MZICQPCO9$7ErwBqexj9H3Z9F08LCgdgQWDS5nAFIC77DK31vkg/k=",
      "last_login": null,
      "is_superuser": false,
      "username": "CrayZ",
      "first_name": "Carl Adrian",
      "last_name": "Domitita",
      "email": "carldomitita5@gmail.com",
      "is_staff": false,
      "is_active": false,
      "date_joined": "2025-11-30T13:44:57.459Z",
      "groups": [],
      "user_permissions": []
    }
  },
  {
    "model": "auth.user",
    "pk": 18,
    "fields": {
      "password": "pbkdf2_sha256$1000000$9sB1DJWIhz2FiTiSMwPPLZ$wbnSefod/Dln8ZsNQxIiBZXAaEfWI7XSUAaQiIRaGuE=",
      "last_login": "2025-11-30T13:48:56.386Z",
      "is_superuser": false,
      "username": "Jeydee",
      "first_name": "Joshua Dexter",
      "last_name": "Dela Cruz",
      "email": "itzjoshuadexter18@gmail.com",
      "is_staff": false,
      "is_active": true,
      "date_joined": "2025-11-30T13:46:53.155Z",
      "groups": [],
      "user_permissions": []
    }
  },
  {
    "model": "auth.user",
    "pk": 19,
    "fields": {
      "password": "pbkdf2_sha256$1000000$nueZNOajewv126oYqYxNuR$q1F1CQLfFrVLE4M/b7C1Y/I9p1puiJ6z7LmZWZPSZJ8=",
      "last_login": null,
      "is_superuser": false,
      "username": "CarlAD",
      "first_name": "Carl Adrian",
      "last_name": "Domitita",
      "email": "cadomzgames@gmail.com",
      "is_staff": false,
      "is_active": false,
      "date_joined": "2025-11-30T13:54:24.463Z",
      "groups": [],
      "user_permissions": []
    }
  },
  {
    "model": "contenttypes.contenttype",
    "pk": 1,
    "fields": {
      "app_label": "admin",
      "model": "logentry"
    }
  },
  {
    "model": "contenttypes.contenttype",
    "pk": 2,
    "fields": {
      "app_label": "auth",
      "model": "permission"
    }
  },
  {
    "model": "contenttypes.contenttype",
    "pk": 3,
    "fields": {
      "app_label": "auth",
      "model": "group"
    }
  },
  {
    "model": "contenttypes.contenttype",
    "pk": 4,
    "fields": {
      "app_label": "auth",
      "model": "user"
    }
  },
  {
    "model": "contenttypes.contenttype",
    "pk": 5,
    "fields": {
      "app_label": "contenttypes",
      "model": "contenttype"
    }
  },
  {
    "model": "contenttypes.contenttype",
    "pk": 6,
    "fields": {
      "app_label": "sessions",
      "model": "session"
    }
  },
  {
    "model": "contenttypes.contenttype",
    "pk": 7,
    "fields": {
      "app_label": "pulse",
      "model": "event"
    }
  },
  {
    "model": "contenttypes.contenttype",
    "pk": 8,
    "fields": {
      "app_label": "pulse",
      "model": "registration"
    }
  },
  {
    "model": "contenttypes.contenttype",
    "pk": 9,
    "fields": {
      "app_label": "pulse",
      "model": "userprofile"
    }
  },
  {
    "model": "contenttypes.contenttype",
    "pk": 10,
    "fields": {
      "app_label": "pulse",
      "model": "pointstransaction"
    }
  },
  {
    "model": "contenttypes.contenttype",
    "pk": 11,
    "fields": {
      "app_label": "pulse",
      "model": "announcement"
    }
  },
  {
    "model": "contenttypes.contenttype",
    "pk": 12,
    "fields": {
      "app_label": "pulse",
      "model": "organization"
    }
  },
  {
    "model": "contenttypes.contenttype",
    "pk": 13,
    "fields": {
      "app_label": "pulse",
      "model": "organizationinvite"
    }
  },
  {
    "model": "contenttypes.contenttype",
    "pk": 14,
    "fields": {
      "app_label": "pulse",
      "model": "organizationmembership"
    }
  },
  {
    "model": "contenttypes.contenttype",
    "pk": 15,
    "fields": {
      "app_label": "pulse",
      "model": "attendancerecord"
    }
  },
  {
    "model": "contenttypes.contenttype",
    "pk": 16,
    "fields": {
      "app_label": "pulse",
      "model": "qrcode"
    }
  },
  {
    "model": "contenttypes.contenttype",
    "pk": 17,
    "fields": {
      "app_label": "pulse",
      "model": "excuse"
    }
  },
  {
    "model": "sessions.session",
    "pk": "0f6od6zv95vry02fjq6umugl2xuzd3yk",
    "fields": {
      "session_data": ".eJxVjEEOwiAQRe_C2hAKHaAu3fcMZIYZpWpoUtqV8e7apAvd_vfef6mE21rS1mRJE6uzcur0uxHmh9Qd8B3rbdZ5rusykd4VfdCmx5nleTncv4OCrXxrH23mQOAGg2C4v3q0piMS8CEaL310zoBk9JKFwIDljLYLQyRPHFG9P9oKN_c:1vUxia:UsiU9Hed4kkONhe_Kdq99Cd5PUWvQDiurELRpERe6o0",
      "expire_date": "2025-12-29T01:49:44.895Z"
    }
  },
  {
    "model": "sessions.session",
    "pk": "0l73mctvsppme6r07mm0pc64av2ayiu2",
    "fields": {
      "session_data": ".eJxVjDEOwjAMRe-SGUUOTkPDyM4ZKjt2aAElUtNOiLtDpQ6w_vfef5mB1mUc1qbzMIk5GxfM4XdkSg8tG5E7lVu1qZZlnthuit1ps9cq-rzs7t_BSG381hgBgx419RGjgPMeuhSEUHOPxBBc9J1kl5wnFGA9ZQYC6SN3mROZ9wf6yTiD:1vPfvG:LPYvFie99a7NNKJpeQhF9GyK0_aTT2thPGO9HGAWm4Y",
      "expire_date": "2025-12-14T11:48:58.598Z"
    }
  },
  {
    "model": "sessions.session",
    "pk": "1tjov70vltvjk10rl1wf4hxtn8le4dur",
    "fields": {
      "session_data": ".eJxVjDEOwjAMRe-SGUUOTkPDyM4ZKjt2aAElUtNOiLtDpQ6w_vfef5mB1mUc1qbzMIk5GxfM4XdkSg8tG5E7lVu1qZZlnthuit1ps9cq-rzs7t_BSG381hgBgx419RGjgPMeuhSEUHOPxBBc9J1kl5wnFGA9ZQYC6SN3mROZ9wf6yTiD:1vPfpB:Rp6VevBVCntSO88WQPOXXjpf8x-Hhqq7LYAkXsB8pNA",
      "expire_date": "2025-12-14T11:42:41.473Z"
    }
  },
  {
    "model": "sessions.session",
    "pk": "2hrkg5spepff8o5aqt3188edyroll8ti",
    "fields": {
      "session_data": ".eJxVjDsOAjEMBe-SGkVKHINFSc8ZIseJyQJKpP1UK-7OrrQFtG9m3moiL3ONy1TGOGRzNY7M6XdMLK_SdpKf3B7dSm_zOCS7K_agk733XN63w_07qDzVrQ4uJEBmBSQVycRBlBBIVagoS8nBOwIs4DlsABDdRc_gQBOhN58vKNM4Qg:1vPhrH:7RwZmQf4em6NjNoOP0FuTepJKMq23i-rIUC236aEtUM",
      "expire_date": "2025-12-14T13:52:59.297Z"
    }
  },
  {
    "model": "sessions.session",
    "pk": "2k4fv5ixjdhn1vjmoic4kqv9n7q59x3v",
    "fields": {
      "session_data": ".eJxVjDsOwjAQBe_iGlmO7fWHkj5niNa7GxxAiRQnFeLuKFIKaN_MvLcacN_qsDdZh4nVVSV1-d0K0lPmA_AD5_uiaZm3dSr6UPRJm-4XltftdP8OKrZ61Iw-okPDEghGCyX56HyXA0DnxDghwkAowZoMQBBzYgzOxuJHE436fAHu1zej:1vPBSp:Zfp_qXkasRLr0tqloCn59na_Zx05UQWjltv5WwpWjCs",
      "expire_date": "2025-12-13T03:17:35.683Z"
    }
  },
  {
    "model": "sessions.session",
    "pk": "2lqsnjk81lnhysijpy5t4nju0lunp816",
    "fields": {
      "session_data": ".eJxVjMsOwiAQRf-FtSEzFIbi0n2_gQwPpWogKe3K-O_apAvd3nPOfQnP21r81vPi5yTOAkGcfsfA8ZHrTtKd663J2Oq6zEHuijxol1NL-Xk53L-Dwr18a0hEaEzQ6spMIzrr1KgwkVY0MCgEAzmD0haBcnLOoI7Bamd1cJEG8f4Axq82TQ:1vPfHw:xmO6nI4TfSni9y7yfEYZEhBxBDINZYjImlvuH92uQHU",
      "expire_date": "2025-12-14T11:08:20.283Z"
    }
  },
  {
    "model": "sessions.session",
    "pk": "360b89ao7zazardi9kgzwzuyz4mbs1qx",
    "fields": {
      "session_data": ".eJxVjDsOwjAQBe_iGlmO7fWHkj5niNa7GxxAiRQnFeLuKFIKaN_MvLcacN_qsDdZh4nVVSV1-d0K0lPmA_AD5_uiaZm3dSr6UPRJm-4XltftdP8OKrZ61Iw-okPDEghGCyX56HyXA0DnxDghwkAowZoMQBBzYgzOxuJHE436fAHu1zej:1vPf0E:nkV2NF6Ci0-rgcu36kU58sAZLelOK8tnqcz97yna5Ns",
      "expire_date": "2025-12-14T10:50:02.114Z"
    }
  },
  {
    "model": "sessions.session",
    "pk": "44hmism2bh2azj12zhc1snmfpaekk72l",
    "fields": {
      "session_data": ".eJxVjDsOwjAQBe_iGln-fyjpOYO1u7ZxADlSnFSIu0OkFNC-mXkvlmBbW9pGWdKU2ZlJzU6_IwI9St9JvkO_zZzmvi4T8l3hBx38OufyvBzu30GD0b61EFQoYFUhUHE2WAQlakQN3sqACrXypoKSHo3J0qAREUCQjFo6ly17fwANDze9:1vPrMM:yRx1OLkew4VJXlrwWOkU-rhebYguGiSTFpsO5cfPk6w",
      "expire_date": "2025-12-15T00:01:42.206Z"
    }
  },
  {
    "model": "sessions.session",
    "pk": "6gvjmnjw4aaazg5z89elvhkg1cmp4tpu",
    "fields": {
      "session_data": ".eJxVjDEOwjAMRe-SGUUOTkPDyM4ZKjt2aAElUtNOiLtDpQ6w_vfef5mB1mUc1qbzMIk5GxfM4XdkSg8tG5E7lVu1qZZlnthuit1ps9cq-rzs7t_BSG381hgBgx419RGjgPMeuhSEUHOPxBBc9J1kl5wnFGA9ZQYC6SN3mROZ9wf6yTiD:1vUxbB:W7atZH4OiM0AKqNU9tUecEXzOr-RXVYnHsXv06AlpnQ",
      "expire_date": "2025-12-29T01:42:05.093Z"
    }
  },
  {
    "model": "sessions.session",
    "pk": "88p006j93sg5a29llagv21yr2kop9h0t",
    "fields": {
      "session_data": ".eJxVjEEOwiAQRe_C2hAKHaAu3fcMZIYZpWpoUtqV8e7apAvd_vfef6mE21rS1mRJE6uzcur0uxHmh9Qd8B3rbdZ5rusykd4VfdCmx5nleTncv4OCrXxrH23mQOAGg2C4v3q0piMS8CEaL310zoBk9JKFwIDljLYLQyRPHFG9P9oKN_c:1vPYhN:h3AaHkbNm-ulGFOoCrkLThIpBSQ-Yr3eF-JPE7XPqd0",
      "expire_date": "2025-12-14T04:06:09.728Z"
    }
  },
  {
    "model": "sessions.session",
    "pk": "8eukvbzoysyuwds41vqbr828h76ovkqe",
    "fields": {
      "session_data": ".eJxVjMsOwiAQRf-FtSEzFIbi0n2_gQwPpWogKe3K-O_apAvd3nPOfQnP21r81vPi5yTOAkGcfsfA8ZHrTtKd663J2Oq6zEHuijxol1NL-Xk53L-Dwr18a0hEaEzQ6spMIzrr1KgwkVY0MCgEAzmD0haBcnLOoI7Bamd1cJEG8f4Axq82TQ:1vPfXo:Q1o8GRhDtDiS8YrUsvh4dTADSIwBT2kJZ1Ksh_vin_Y",
      "expire_date": "2025-12-14T11:24:44.302Z"
    }
  },
  {
    "model": "sessions.session",
    "pk": "9hukanw997gj4zct33i7uc74o1ii31u4",
    "fields": {
      "session_data": ".eJxVjDsOwjAQBe_iGln-fyjpOYO1u7ZxADlSnFSIu0OkFNC-mXkvlmBbW9pGWdKU2ZlJzU6_IwI9St9JvkO_zZzmvi4T8l3hBx38OufyvBzu30GD0b61EFQoYFUhUHE2WAQlakQN3sqACrXypoKSHo3J0qAREUCQjFo6ly17fwANDze9:1vPfSA:S3vZxcZjcaHxI_IffDHyW-y2IBT_3QKMGULO5bcT4r0",
      "expire_date": "2025-12-14T11:18:54.237Z"
    }
  },
  {
    "model": "sessions.session",
    "pk": "a07283xmndfkf54cn1cy4had8ivoxdj8",
    "fields": {
      "session_data": ".eJxVjEEOwiAQRe_C2hAKHaAu3fcMZIYZpWpoUtqV8e7apAvd_vfef6mE21rS1mRJE6uzcur0uxHmh9Qd8B3rbdZ5rusykd4VfdCmx5nleTncv4OCrXxrH23mQOAGg2C4v3q0piMS8CEaL310zoBk9JKFwIDljLYLQyRPHFG9P9oKN_c:1vPToZ:LqdiAlhvfjH0JnJOZBZtK8hR3LjGdEvk4LMuzxPVEBM",
      "expire_date": "2025-12-13T22:53:15.808Z"
    }
  },
  {
    "model": "sessions.session",
    "pk": "as39u8vg8h0ns099q0f9y1u58l3v41kr",
    "fields": {
      "session_data": ".eJxVjEEOwiAQRe_C2hAKHaAu3fcMZIYZpWpoUtqV8e7apAvd_vfef6mE21rS1mRJE6uzcur0uxHmh9Qd8B3rbdZ5rusykd4VfdCmx5nleTncv4OCrXxrH23mQOAGg2C4v3q0piMS8CEaL310zoBk9JKFwIDljLYLQyRPHFG9P9oKN_c:1vPPw5:E1dBAKsqSKvfVLFXn_kyl3nC836eaE3bo4b9JHNVk0I",
      "expire_date": "2025-12-13T18:44:45.807Z"
    }
  },
  {
    "model": "sessions.session",
    "pk": "b1pj2bvnrj4vc0joe3ssrpqwjr0ctw31",
    "fields": {
      "session_data": ".eJxVjMEOwiAQBf-FsyGwQAGP3vsNZGFBqoYmpT0Z_9026UGvb2bemwXc1hq2npcwEbsyzy6_W8T0zO0A9MB2n3ma27pMkR8KP2nn40z5dTvdv4OKve61VmBIJiFikiCSkTYm6w0o5wBB61KkijaCLYMjNSgjPO6a1xalwEzs8wW9njb-:1vPZ5x:ColhsqUbckb-Eu8fbsDZW8l1hWpT_l_Xvvi5NSRzL6c",
      "expire_date": "2025-12-14T04:31:33.449Z"
    }
  },
  {
    "model": "sessions.session",
    "pk": "cftcsvy5vm77zj5dahl3d2widjuh05p1",
    "fields": {
      "session_data": ".eJxVjEEOwiAQRe_C2hAKHaAu3fcMZIYZpWpoUtqV8e7apAvd_vfef6mE21rS1mRJE6uzcur0uxHmh9Qd8B3rbdZ5rusykd4VfdCmx5nleTncv4OCrXxrH23mQOAGg2C4v3q0piMS8CEaL310zoBk9JKFwIDljLYLQyRPHFG9P9oKN_c:1vFbLg:4Wgr3HuR9UG3osNOLABfmSDx_75Ozy3_bWDF3A1UXXE",
      "expire_date": "2025-11-16T16:54:36.490Z"
    }
  },
  {
    "model": "sessions.session",
    "pk": "exhgarrzh0vr18kx961rtww2fs7vb7v5",
    "fields": {
      "session_data": ".eJxVjMsOwiAQRf-FtSFleLt07zeQAQapGkhKuzL-uzbpQrf3nHNfLOC21rANWsKc2ZlZdvrdIqYHtR3kO7Zb56m3dZkj3xV-0MGvPdPzcrh_BxVH_dZJIXlHAoG8BHQRvESlwGSjTLLRgRZQSPrJTD5JLSgn5wrYIlFqW9j7A92lN4U:1vP6bx:Tl1LcGhieTR_WETCvzLLF-MuyLVPAZTDXP9S6cjOJgY",
      "expire_date": "2025-12-12T22:06:41.211Z"
    }
  },
  {
    "model": "sessions.session",
    "pk": "f4qrtnvfz2c2g887fv3rzevito5medm4",
    "fields": {
      "session_data": ".eJxVjDsOwjAQBe_iGlmO7fWHkj5niNa7GxxAiRQnFeLuKFIKaN_MvLcacN_qsDdZh4nVVSV1-d0K0lPmA_AD5_uiaZm3dSr6UPRJm-4XltftdP8OKrZ61Iw-okPDEghGCyX56HyXA0DnxDghwkAowZoMQBBzYgzOxuJHE436fAHu1zej:1vVTqA:Txo1LDlOIb7Z3mQepA15Ktz3f3G6vBb8IlrEOw-JCbQ",
      "expire_date": "2025-12-30T12:07:42.450Z"
    }
  },
  {
    "model": "sessions.session",
    "pk": "h6dw8n40023nlnphx28wbpghwjkq4xfx",
    "fields": {
      "session_data": ".eJxVjEEOwiAQRe_C2hAKHaAu3fcMZIYZpWpoUtqV8e7apAvd_vfef6mE21rS1mRJE6uzcur0uxHmh9Qd8B3rbdZ5rusykd4VfdCmx5nleTncv4OCrXxrH23mQOAGg2C4v3q0piMS8CEaL310zoBk9JKFwIDljLYLQyRPHFG9P9oKN_c:1vPZ4Y:aak7vkX21Sxl0cpI8OFlC65IoQaF3tlUvPlDEL4LTfg",
      "expire_date": "2025-12-14T04:30:06.313Z"
    }
  },
  {
    "model": "sessions.session",
    "pk": "hk5fx7hy9bvpg9dkmuh4nel0um91ywi7",
    "fields": {
      "session_data": ".eJxVjEEOwiAQRe_C2hAKHaAu3fcMZIYZpWpoUtqV8e7apAvd_vfef6mE21rS1mRJE6uzcur0uxHmh9Qd8B3rbdZ5rusykd4VfdCmx5nleTncv4OCrXxrH23mQOAGg2C4v3q0piMS8CEaL310zoBk9JKFwIDljLYLQyRPHFG9P9oKN_c:1vVTCf:yysJTNlO87HnC6LTbWtapoEjphJX0R6XP05UFfgbCEM",
      "expire_date": "2025-12-30T11:26:53.296Z"
    }
  },
  {
    "model": "sessions.session",
    "pk": "i5k7fd7um9iiotec2odjjj5x98nqdu36",
    "fields": {
      "session_data": ".eJxVjDsOwjAQBe_iGlmO7fWHkj5niNa7GxxAiRQnFeLuKFIKaN_MvLcacN_qsDdZh4nVVSV1-d0K0lPmA_AD5_uiaZm3dSr6UPRJm-4XltftdP8OKrZ61Iw-okPDEghGCyX56HyXA0DnxDghwkAowZoMQBBzYgzOxuJHE436fAHu1zej:1vPDZ2:97kd21f5qiL9QHiWi1bHaAeE5zXRuZam8r9njMvxchc",
      "expire_date": "2025-12-13T05:32:08.746Z"
    }
  },
  {
    "model": "sessions.session",
    "pk": "i906x4yqfi0f6nmqzv5plhum8bu4vvw3",
    "fields": {
      "session_data": ".eJxVjEEOwiAQRe_C2hAKHaAu3fcMZIYZpWpoUtqV8e7apAvd_vfef6mE21rS1mRJE6uzcur0uxHmh9Qd8B3rbdZ5rusykd4VfdCmx5nleTncv4OCrXxrH23mQOAGg2C4v3q0piMS8CEaL310zoBk9JKFwIDljLYLQyRPHFG9P9oKN_c:1vVOQd:VGfUTvhht3zD-dygMFdapHopbwFz27S1sWJPrh0GEs0",
      "expire_date": "2025-12-30T06:20:59.146Z"
    }
  },
  {
    "model": "sessions.session",
    "pk": "m0p9nmy05u50hq0z5rkvba4ykon9muui",
    "fields": {
      "session_data": ".eJxVjEEOwiAQRe_C2hAKHaAu3fcMZIYZpWpoUtqV8e7apAvd_vfef6mE21rS1mRJE6uzcur0uxHmh9Qd8B3rbdZ5rusykd4VfdCmx5nleTncv4OCrXxrH23mQOAGg2C4v3q0piMS8CEaL310zoBk9JKFwIDljLYLQyRPHFG9P9oKN_c:1vPfHP:5N_KCRTwjcrhl8tRPxN3bV716Qpbdpifu3OPrCTm3Dc",
      "expire_date": "2025-12-14T11:07:47.780Z"
    }
  },
  {
    "model": "sessions.session",
    "pk": "nqk7lj4ix56fximo180u4j5bjzio1ey5",
    "fields": {
      "session_data": ".eJxVjEEOwiAQRe_C2hCGAoJL9z0DmQ6DVA0kpV0Z765NutDtf-_9l4i4rSVunZc4J3ERVpx-twnpwXUH6Y711iS1ui7zJHdFHrTLsSV-Xg_376BgL986n20O5HMygzPKgmJLXgMSIJA3SQPpwFaRCmpwaJ0idDCgT8xGA4j3B9hkN1k:1vPZtF:oQr5k6HBfGOwx9wLnFk6f8QaD-N8LCzC-Hpw84I68lw",
      "expire_date": "2025-12-14T05:22:29.736Z"
    }
  },
  {
    "model": "sessions.session",
    "pk": "o78fovevge2rlx3q6jgwsuks8gu6sest",
    "fields": {
      "session_data": ".eJxVjEEOwiAQRe_C2hAKHaAu3fcMZIYZpWpoUtqV8e7apAvd_vfef6mE21rS1mRJE6uzcur0uxHmh9Qd8B3rbdZ5rusykd4VfdCmx5nleTncv4OCrXxrH23mQOAGg2C4v3q0piMS8CEaL310zoBk9JKFwIDljLYLQyRPHFG9P9oKN_c:1vPC7W:YOtZfloM-78_rkQh5YL47nzkd58YHn_DHVOddfheLio",
      "expire_date": "2025-12-13T03:59:38.128Z"
    }
  },
  {
    "model": "sessions.session",
    "pk": "pfez93nl2iakkky96dofe26ljp4szxnx",
    "fields": {
      "session_data": ".eJxVjEEOwiAQRe_C2hAKHaAu3fcMZIYZpWpoUtqV8e7apAvd_vfef6mE21rS1mRJE6uzcur0uxHmh9Qd8B3rbdZ5rusykd4VfdCmx5nleTncv4OCrXxrH23mQOAGg2C4v3q0piMS8CEaL310zoBk9JKFwIDljLYLQyRPHFG9P9oKN_c:1vHwaL:Fbw6Tsj3aQe2GAgxeZkU9-YgiIygc8LrFMXOx5GitfM",
      "expire_date": "2025-11-23T03:59:25.340Z"
    }
  },
  {
    "model": "sessions.session",
    "pk": "q45zjv76lp5g1qmszy5qoipw4sgyj2xc",
    "fields": {
      "session_data": ".eJxVjEEOwiAQRe_C2hAKHaAu3fcMZIYZpWpoUtqV8e7apAvd_vfef6mE21rS1mRJE6uzcur0uxHmh9Qd8B3rbdZ5rusykd4VfdCmx5nleTncv4OCrXxrH23mQOAGg2C4v3q0piMS8CEaL310zoBk9JKFwIDljLYLQyRPHFG9P9oKN_c:1vVPZ0:VQmtLelgfizIPrxwk7z7JzX07gkJCpPpCysQciuIlq4",
      "expire_date": "2025-12-30T07:33:42.807Z"
    }
  },
  {
    "model": "sessions.session",
    "pk": "q485arwshc97a0dk3y0rk4y5vyk3z8k6",
    "fields": {
      "session_data": ".eJxVjDEOwjAMRe-SGUUOTkPDyM4ZKjt2aAElUtNOiLtDpQ6w_vfef5mB1mUc1qbzMIk5GxfM4XdkSg8tG5E7lVu1qZZlnthuit1ps9cq-rzs7t_BSG381hgBgx419RGjgPMeuhSEUHOPxBBc9J1kl5wnFGA9ZQYC6SN3mROZ9wf6yTiD:1vPfnh:U99yUkANmut76rzmSXTy_j152EHRb4b-bVd3JfZhncE",
      "expire_date": "2025-12-14T11:41:09.020Z"
    }
  },
  {
    "model": "sessions.session",
    "pk": "rh1uqcit1s4xfx4eeha141hliiw7lao1",
    "fields": {
      "session_data": ".eJxVjDsOwjAQBe_iGlmO7fWHkj5niNa7GxxAiRQnFeLuKFIKaN_MvLcacN_qsDdZh4nVVSV1-d0K0lPmA_AD5_uiaZm3dSr6UPRJm-4XltftdP8OKrZ61Iw-okPDEghGCyX56HyXA0DnxDghwkAowZoMQBBzYgzOxuJHE436fAHu1zej:1vPZ4N:lPMhKN3Dq6gYrYHdDsrEUgMAoV_0HxDPXQmaRfLwmuU",
      "expire_date": "2025-12-14T04:29:55.306Z"
    }
  },
  {
    "model": "sessions.session",
    "pk": "rmax3jsrvozhc0434pkwumdxfdsax5hj",
    "fields": {
      "session_data": ".eJxVjDsOwjAQBe_iGln471DS5wzWeneNA8iW8qkQd4dIKaB9M_NeIsG21rQtPKeJxEVYcfrdMuCD2w7oDu3WJfa2zlOWuyIPusixEz-vh_t3UGGp3xqs4xjcEDF7Y3RxAGQHVmQRzpGKd1ppAuPY-kgejS3Kq8ADAGYMRbw_6rU4aw:1vPapc:5V4yoVOafby8_lfgF-2ibE1UyMrAt0BRrgma1gnF__c",
      "expire_date": "2025-12-14T06:22:48.129Z"
    }
  },
  {
    "model": "sessions.session",
    "pk": "upfp49y3cbfn3l7cnmt5d2daw7i4t8qr",
    "fields": {
      "session_data": ".eJxVjDsOwjAQBe_iGlmO7fWHkj5niNa7GxxAiRQnFeLuKFIKaN_MvLcacN_qsDdZh4nVVSV1-d0K0lPmA_AD5_uiaZm3dSr6UPRJm-4XltftdP8OKrZ61Iw-okPDEghGCyX56HyXA0DnxDghwkAowZoMQBBzYgzOxuJHE436fAHu1zej:1vPfN0:N5Hq778t-zPRV_-j5J8u_jE8NInmErEF125zibozbmo",
      "expire_date": "2025-12-14T11:13:34.192Z"
    }
  },
  {
    "model": "sessions.session",
    "pk": "y8qt4zgxaq4hixq7ipidke48ptgg3mwn",
    "fields": {
      "session_data": ".eJxVjDsOwjAQBe_iGlmO7fWHkj5niNa7GxxAiRQnFeLuKFIKaN_MvLcacN_qsDdZh4nVVSV1-d0K0lPmA_AD5_uiaZm3dSr6UPRJm-4XltftdP8OKrZ61Iw-okPDEghGCyX56HyXA0DnxDghwkAowZoMQBBzYgzOxuJHE436fAHu1zej:1vPhoV:soba2F4q7jxnpaz7XIhCfgM1mXhTYkHCyUS2gK9sAdE",
      "expire_date": "2025-12-14T13:50:07.258Z"
    }
  },
  {
    "model": "sessions.session",
    "pk": "ysxhqb5zdcavbw53c67c845ecc283ngg",
    "fields": {
      "session_data": ".eJxVjEEOwiAQRe_C2hAKHaAu3fcMZIYZpWpoUtqV8e7apAvd_vfef6mE21rS1mRJE6uzcur0uxHmh9Qd8B3rbdZ5rusykd4VfdCmx5nleTncv4OCrXxrH23mQOAGg2C4v3q0piMS8CEaL310zoBk9JKFwIDljLYLQyRPHFG9P9oKN_c:1vPfSh:OHeTH6_JcuooxDpATP07MLzTuHMUqW-sNrDQLMHtVMA",
      "expire_date": "2025-12-14T11:19:27.726Z"
    }
  },
  {
    "model": "pulse.userprofile",
    "pk": 1,
    "fields": {
      "user": 2,
      "role": "USER",
      "phone": "",
      "course": "",
      "year_level": null,
      "avatar": "",
      "total_points": 0
    }
  },
  {
    "model": "pulse.userprofile",
    "pk": 2,
    "fields": {
      "user": 3,
      "role": "USER",
      "phone": "",
      "course": "",
      "year_level": null,
      "avatar": "avatars/Jays.png",
      "total_points": 20
    }
  },
  {
    "model": "pulse.userprofile",
    "pk": 3,
    "fields": {
      "user": 4,
      "role": "USER",
      "phone": "",
      "course": "",
      "year_level": null,
      "avatar": "",
      "total_points": 136
    }
  },
  {
    "model": "pulse.userprofile",
    "pk": 4,
    "fields": {
      "user": 5,
      "role": "USER",
      "phone": "",
      "course": "",
      "year_level": null,
      "avatar": "",
      "total_points": 10
    }
  },
  {
    "model": "pulse.userprofile",
    "pk": 5,
    "fields": {
      "user": 6,
      "role": "USER",
      "phone": "",
      "course": "",
      "year_level": null,
      "avatar": "",
      "total_points": 0
    }
  },
  {
    "model": "pulse.userprofile",
    "pk": 6,
    "fields": {
      "user": 7,
      "role": "USER",
      "phone": "",
      "course": "",
      "year_level": null,
      "avatar": "",
      "total_points": 0
    }
  },
  {
    "model": "pulse.userprofile",
    "pk": 7,
    "fields": {
      "user": 8,
      "role": "USER",
      "phone": "",
      "course": "",
      "year_level": null,
      "avatar": "avatars/IMG_7451.jpeg",
      "total_points": 0
    }
  },
  {
    "model": "pulse.userprofile",
    "pk": 8,
    "fields": {
      "user": 9,
      "role": "USER",
      "phone": "",
      "course": "",
      "year_level": null,
      "avatar": "",
      "total_points": 0
    }
  },
  {
    "model": "pulse.userprofile",
    "pk": 9,
    "fields": {
      "user": 10,
      "role": "USER",
      "phone": "",
      "course": "",
      "year_level": null,
      "avatar": "",
      "total_points": 0
    }
  },
  {
    "model": "pulse.userprofile",
    "pk": 10,
    "fields": {
      "user": 11,
      "role": "ADMIN",
      "phone": "",
      "course": "",
      "year_level": null,
      "avatar": "",
      "total_points": 0
    }
  },
  {
    "model": "pulse.userprofile",
    "pk": 11,
    "fields": {
      "user": 12,
      "role": "ADMIN",
      "phone": "",
      "course": "",
      "year_level": null,
      "avatar": "",
      "total_points": 0
    }
  },
  {
    "model": "pulse.userprofile",
    "pk": 12,
    "fields": {
      "user": 13,
      "role": "USER",
      "phone": "",
      "course": "",
      "year_level": null,
      "avatar": "",
      "total_points": 0
    }
  },
  {
    "model": "pulse.userprofile",
    "pk": 13,
    "fields": {
      "user": 14,
      "role": "ADMIN",
      "phone": "",
      "course": "",
      "year_level": null,
      "avatar": "",
      "total_points": 0
    }
  },
  {
    "model": "pulse.userprofile",
    "pk": 14,
    "fields": {
      "user": 15,
      "role": "USER",
      "phone": "",
      "course": "",
      "year_level": null,
      "avatar": "",
      "total_points": 0
    }
  },
  {
    "model": "pulse.userprofile",
    "pk": 15,
    "fields": {
      "user": 16,
      "role": "USER",
      "phone": "",
      "course": "",
      "year_level": null,
      "avatar": "",
      "total_points": 0
    }
  },
  {
    "model": "pulse.userprofile",
    "pk": 16,
    "fields": {
      "user": 17,
      "role": "USER",
      "phone": "",
      "course": "",
      "year_level": null,
      "avatar": "",
      "total_points": 0
    }
  },
  {
    "model": "pulse.userprofile",
    "pk": 17,
    "fields": {
      "user": 18,
      "role": "USER",
      "phone": "",
      "course": "",
      "year_level": null,
      "avatar": "",
      "total_points": 5
    }
  },
  {
    "model": "pulse.userprofile",
    "pk": 18,
    "fields": {
      "user": 19,
      "role": "USER",
      "phone": "",
      "course": "",
      "year_level": null,
      "avatar": "",
      "total_points": 0
    }
  },
  {
    "model": "pulse.organization",
    "pk": 1,
    "fields": {
      "name": "Project Nexus",
      "description": "",
      "created_by": 3,
      "created_at": "2025-11-28T15:58:40.704Z",
      "updated_at": "2025-11-29T18:05:37.420Z",
      "join_code": "T5ZTTAME1TGU",
      "is_active": true,
      "status": "APPROVED",
      "reviewed_by": 3,
      "reviewed_at": "2025-11-29T18:05:37.420Z",
      "review_notes": ""
    }
  },
  {
    "model": "pulse.organization",
    "pk": 2,
    "fields": {
      "name": "Event Manage",
      "description": "asdfsadf",
      "created_by": 3,
      "created_at": "2025-11-28T20:09:51.778Z",
      "updated_at": "2025-11-29T18:05:33.955Z",
      "join_code": "DXGBDXEWZ2ZO",
      "is_active": true,
      "status": "APPROVED",
      "reviewed_by": 3,
      "reviewed_at": "2025-11-29T18:05:33.955Z",
      "review_notes": ""
    }
  },
  {
    "model": "pulse.organization",
    "pk": 3,
    "fields": {
      "name": "PSU CARE",
      "description": "",
      "created_by": 3,
      "created_at": "2025-11-29T03:05:19.146Z",
      "updated_at": "2025-11-29T18:05:28.130Z",
      "join_code": "XGL8PLY1UZ2_",
      "is_active": true,
      "status": "APPROVED",
      "reviewed_by": 3,
      "reviewed_at": "2025-11-29T18:05:28.130Z",
      "review_notes": ""
    }
  },
  {
    "model": "pulse.organization",
    "pk": 4,
    "fields": {
      "name": "BSN3-3",
      "description": "May ma i-iwan sa cebu?",
      "created_by": 3,
      "created_at": "2025-11-29T03:42:37.246Z",
      "updated_at": "2025-11-29T18:05:21.073Z",
      "join_code": "XVXI8JO8ZDTI",
      "is_active": true,
      "status": "APPROVED",
      "reviewed_by": 3,
      "reviewed_at": "2025-11-29T18:05:21.073Z",
      "review_notes": ""
    }
  },
  {
    "model": "pulse.organization",
    "pk": 5,
    "fields": {
      "name": "Please Approved",
      "description": "asdfsadf",
      "created_by": 5,
      "created_at": "2025-11-29T17:57:13.035Z",
      "updated_at": "2025-11-29T18:04:58.244Z",
      "join_code": "AWNKUDWG3FZX",
      "is_active": true,
      "status": "APPROVED",
      "reviewed_by": 3,
      "reviewed_at": "2025-11-29T18:04:58.244Z",
      "review_notes": "asdasdasd"
    }
  },
  {
    "model": "pulse.organization",
    "pk": 6,
    "fields": {
      "name": "Hello Po",
      "description": "asdasdasd",
      "created_by": 5,
      "created_at": "2025-11-29T18:14:38.108Z",
      "updated_at": "2025-11-29T18:14:38.108Z",
      "join_code": "WJOEWZQK29XN",
      "is_active": false,
      "status": "PENDING",
      "reviewed_by": null,
      "reviewed_at": null,
      "review_notes": ""
    }
  },
  {
    "model": "pulse.organization",
    "pk": 7,
    "fields": {
      "name": "asdfsadf",
      "description": "asdfasdf",
      "created_by": 5,
      "created_at": "2025-11-29T18:19:07.289Z",
      "updated_at": "2025-11-29T18:19:07.289Z",
      "join_code": "SXHU4-SBOGIE",
      "is_active": false,
      "status": "PENDING",
      "reviewed_by": null,
      "reviewed_at": null,
      "review_notes": ""
    }
  },
  {
    "model": "pulse.organization",
    "pk": 8,
    "fields": {
      "name": "Association of Computer Scientist",
      "description": "",
      "created_by": 3,
      "created_at": "2025-11-30T04:26:04.897Z",
      "updated_at": "2025-11-30T04:26:04.897Z",
      "join_code": "YJ6ZDC4UMJF5",
      "is_active": false,
      "status": "PENDING",
      "reviewed_by": null,
      "reviewed_at": null,
      "review_notes": ""
    }
  },
  {
    "model": "pulse.organization",
    "pk": 9,
    "fields": {
      "name": "Test",
      "description": "Test",
      "created_by": 9,
      "created_at": "2025-11-30T04:26:40.829Z",
      "updated_at": "2025-11-30T04:26:55.869Z",
      "join_code": "COJY8RTEA1XG",
      "is_active": true,
      "status": "APPROVED",
      "reviewed_by": 3,
      "reviewed_at": "2025-11-30T04:26:55.868Z",
      "review_notes": ""
    }
  },
  {
    "model": "pulse.organization",
    "pk": 10,
    "fields": {
      "name": "Psu care",
      "description": "",
      "created_by": 8,
      "created_at": "2025-11-30T04:26:56.630Z",
      "updated_at": "2025-11-30T04:27:48.086Z",
      "join_code": "MMOFGFYPRIYY",
      "is_active": true,
      "status": "APPROVED",
      "reviewed_by": 3,
      "reviewed_at": "2025-11-30T04:27:48.086Z",
      "review_notes": ""
    }
  },
  {
    "model": "pulse.organization",
    "pk": 11,
    "fields": {
      "name": "SNA",
      "description": "Dating Org nila Maye",
      "created_by": 8,
      "created_at": "2025-11-30T04:29:54.740Z",
      "updated_at": "2025-11-30T04:43:12.557Z",
      "join_code": "LEJ3I_OHGICD",
      "is_active": true,
      "status": "APPROVED",
      "reviewed_by": 3,
      "reviewed_at": "2025-11-30T04:43:12.557Z",
      "review_notes": ""
    }
  },
  {
    "model": "pulse.organization",
    "pk": 12,
    "fields": {
      "name": "asadfsdf",
      "description": "sadfasdf",
      "created_by": 5,
      "created_at": "2025-11-30T04:45:47.043Z",
      "updated_at": "2025-11-30T04:45:47.043Z",
      "join_code": "C7RUXTWGL7KT",
      "is_active": false,
      "status": "PENDING",
      "reviewed_by": null,
      "reviewed_at": null,
      "review_notes": ""
    }
  },
  {
    "model": "pulse.organization",
    "pk": 13,
    "fields": {
      "name": "Test Organization",
      "description": "Organization Testing for Bugs",
      "created_by": 10,
      "created_at": "2025-11-30T11:09:54.127Z",
      "updated_at": "2025-11-30T11:17:01.265Z",
      "join_code": "DJI-O0HKRIBV",
      "is_active": true,
      "status": "APPROVED",
      "reviewed_by": 3,
      "reviewed_at": "2025-11-30T11:17:01.265Z",
      "review_notes": ""
    }
  },
  {
    "model": "pulse.organization",
    "pk": 14,
    "fields": {
      "name": "AAA",
      "description": "D3qwr3",
      "created_by": 16,
      "created_at": "2025-11-30T11:42:40.999Z",
      "updated_at": "2025-11-30T12:00:26.014Z",
      "join_code": "AQRYF-VLIZHW",
      "is_active": true,
      "status": "APPROVED",
      "reviewed_by": 16,
      "reviewed_at": "2025-11-30T12:00:26.014Z",
      "review_notes": ""
    }
  },
  {
    "model": "pulse.organizationmembership",
    "pk": 1,
    "fields": {
      "user": 3,
      "organization": 1,
      "role": "ADMIN",
      "joined_at": "2025-11-28T16:00:22.268Z",
      "joined_via": "INVITE"
    }
  },
  {
    "model": "pulse.organizationmembership",
    "pk": 2,
    "fields": {
      "user": 4,
      "organization": 1,
      "role": "MEMBER",
      "joined_at": "2025-11-28T16:59:25.193Z",
      "joined_via": "INVITE"
    }
  },
  {
    "model": "pulse.organizationmembership",
    "pk": 3,
    "fields": {
      "user": 4,
      "organization": 2,
      "role": "MEMBER",
      "joined_at": "2025-11-28T20:12:22.245Z",
      "joined_via": "INVITE"
    }
  },
  {
    "model": "pulse.organizationmembership",
    "pk": 4,
    "fields": {
      "user": 5,
      "organization": 2,
      "role": "ORGANIZER",
      "joined_at": "2025-11-29T00:24:47.170Z",
      "joined_via": "INVITE"
    }
  },
  {
    "model": "pulse.organizationmembership",
    "pk": 5,
    "fields": {
      "user": 5,
      "organization": 1,
      "role": "ORGANIZER",
      "joined_at": "2025-11-29T00:25:07.400Z",
      "joined_via": "INVITE"
    }
  },
  {
    "model": "pulse.organizationmembership",
    "pk": 6,
    "fields": {
      "user": 8,
      "organization": 3,
      "role": "MEMBER",
      "joined_at": "2025-11-29T03:05:37.087Z",
      "joined_via": "CODE"
    }
  },
  {
    "model": "pulse.organizationmembership",
    "pk": 7,
    "fields": {
      "user": 3,
      "organization": 3,
      "role": "ADMIN",
      "joined_at": "2025-11-29T03:14:12.398Z",
      "joined_via": "INVITE"
    }
  },
  {
    "model": "pulse.organizationmembership",
    "pk": 8,
    "fields": {
      "user": 8,
      "organization": 1,
      "role": "ORGANIZER",
      "joined_at": "2025-11-29T03:16:39.953Z",
      "joined_via": "INVITE"
    }
  },
  {
    "model": "pulse.organizationmembership",
    "pk": 9,
    "fields": {
      "user": 8,
      "organization": 4,
      "role": "ORGANIZER",
      "joined_at": "2025-11-29T03:43:15.947Z",
      "joined_via": "CODE"
    }
  },
  {
    "model": "pulse.organizationmembership",
    "pk": 10,
    "fields": {
      "user": 5,
      "organization": 5,
      "role": "ADMIN",
      "joined_at": "2025-11-29T18:04:58.250Z",
      "joined_via": "CODE"
    }
  },
  {
    "model": "pulse.organizationmembership",
    "pk": 11,
    "fields": {
      "user": 3,
      "organization": 4,
      "role": "ADMIN",
      "joined_at": "2025-11-29T18:05:21.079Z",
      "joined_via": "CODE"
    }
  },
  {
    "model": "pulse.organizationmembership",
    "pk": 12,
    "fields": {
      "user": 3,
      "organization": 2,
      "role": "ADMIN",
      "joined_at": "2025-11-29T18:05:33.960Z",
      "joined_via": "CODE"
    }
  },
  {
    "model": "pulse.organizationmembership",
    "pk": 13,
    "fields": {
      "user": 9,
      "organization": 9,
      "role": "ADMIN",
      "joined_at": "2025-11-30T04:26:55.874Z",
      "joined_via": "CODE"
    }
  },
  {
    "model": "pulse.organizationmembership",
    "pk": 14,
    "fields": {
      "user": 8,
      "organization": 10,
      "role": "ADMIN",
      "joined_at": "2025-11-30T04:27:48.090Z",
      "joined_via": "CODE"
    }
  },
  {
    "model": "pulse.organizationmembership",
    "pk": 15,
    "fields": {
      "user": 8,
      "organization": 11,
      "role": "ADMIN",
      "joined_at": "2025-11-30T04:43:12.565Z",
      "joined_via": "CODE"
    }
  },
  {
    "model": "pulse.organizationmembership",
    "pk": 16,
    "fields": {
      "user": 5,
      "organization": 12,
      "role": "ADMIN",
      "joined_at": "2025-11-30T04:45:47.051Z",
      "joined_via": "CODE"
    }
  },
  {
    "model": "pulse.organizationmembership",
    "pk": 17,
    "fields": {
      "user": 5,
      "organization": 11,
      "role": "ORGANIZER",
      "joined_at": "2025-11-30T05:15:28.376Z",
      "joined_via": "CODE"
    }
  },
  {
    "model": "pulse.organizationmembership",
    "pk": 18,
    "fields": {
      "user": 5,
      "organization": 10,
      "role": "MEMBER",
      "joined_at": "2025-11-30T05:22:25.936Z",
      "joined_via": "CODE"
    }
  },
  {
    "model": "pulse.organizationmembership",
    "pk": 19,
    "fields": {
      "user": 10,
      "organization": 13,
      "role": "ADMIN",
      "joined_at": "2025-11-30T11:09:54.164Z",
      "joined_via": "CODE"
    }
  },
  {
    "model": "pulse.organizationmembership",
    "pk": 20,
    "fields": {
      "user": 12,
      "organization": 13,
      "role": "ORGANIZER",
      "joined_at": "2025-11-30T11:18:51.538Z",
      "joined_via": "CODE"
    }
  },
  {
    "model": "pulse.organizationmembership",
    "pk": 21,
    "fields": {
      "user": 3,
      "organization": 11,
      "role": "MEMBER",
      "joined_at": "2025-11-30T11:19:19.629Z",
      "joined_via": "INVITE"
    }
  },
  {
    "model": "pulse.organizationmembership",
    "pk": 22,
    "fields": {
      "user": 16,
      "organization": 14,
      "role": "ADMIN",
      "joined_at": "2025-11-30T11:42:41.035Z",
      "joined_via": "CODE"
    }
  },
  {
    "model": "pulse.organizationmembership",
    "pk": 23,
    "fields": {
      "user": 18,
      "organization": 4,
      "role": "MEMBER",
      "joined_at": "2025-11-30T13:51:16.322Z",
      "joined_via": "CODE"
    }
  },
  {
    "model": "pulse.organizationmembership",
    "pk": 24,
    "fields": {
      "user": 18,
      "organization": 11,
      "role": "MEMBER",
      "joined_at": "2025-11-30T13:52:56.833Z",
      "joined_via": "CODE"
    }
  },
  {
    "model": "pulse.organizationinvite",
    "pk": 1,
    "fields": {
      "organization": 1,
      "token": "SnCvy87hoV6DS6Hr_XS7FU2mwZTU4E_UxpB44O4efHQEUXkusJI_QC6eTj1OkgH2",
      "created_by": null,
      "created_at": "2025-11-28T15:58:46.172Z",
      "expires_at": "2025-12-28T15:58:46.172Z",
      "used_count": 4,
      "max_uses": null,
      "is_active": true
    }
  },
  {
    "model": "pulse.organizationinvite",
    "pk": 2,
    "fields": {
      "organization": 2,
      "token": "HscMCQt_69Ne7hT_wHWP6bK4H0KV-W70nVZHrdm5-NDyRl0UWozTSMtI1gRwjwXW",
      "created_by": null,
      "created_at": "2025-11-28T20:12:17.273Z",
      "expires_at": "2025-12-28T20:12:17.272Z",
      "used_count": 2,
      "max_uses": null,
      "is_active": true
    }
  },
  {
    "model": "pulse.organizationinvite",
    "pk": 3,
    "fields": {
      "organization": 3,
      "token": "zuGNYLbJPxLAErmcsuC4baBCUXMnBRXPkkdDmbz1YRa7HqaTafjX3MyfshKprbh3",
      "created_by": null,
      "created_at": "2025-11-29T03:05:21.512Z",
      "expires_at": "2025-12-29T03:05:21.512Z",
      "used_count": 1,
      "max_uses": null,
      "is_active": true
    }
  },
  {
    "model": "pulse.organizationinvite",
    "pk": 4,
    "fields": {
      "organization": 4,
      "token": "gpI5LTR3OwXX5__O4bHvDEoI2mRTO8vDWFU3i_ahJfXuaLx4qTh5qPTLviYTsFWU",
      "created_by": null,
      "created_at": "2025-11-29T03:42:41.601Z",
      "expires_at": "2025-12-29T03:42:41.601Z",
      "used_count": 0,
      "max_uses": null,
      "is_active": true
    }
  },
  {
    "model": "pulse.organizationinvite",
    "pk": 5,
    "fields": {
      "organization": 5,
      "token": "A9Sz8p__kuLPWWWBp1whrAG-f0-JTAA3MpNQnZJ6TEKYL5ziywgt1qKIjRNCVTSw",
      "created_by": null,
      "created_at": "2025-11-29T18:04:43.740Z",
      "expires_at": "2025-12-29T18:04:43.736Z",
      "used_count": 0,
      "max_uses": null,
      "is_active": true
    }
  },
  {
    "model": "pulse.organizationinvite",
    "pk": 6,
    "fields": {
      "organization": 6,
      "token": "X8pd3FxE5NQ7OmGYiSMA7VgXB9dVT2L2zOkM1EfzkgHuNa_EFti0q0V-gF70h-NV",
      "created_by": null,
      "created_at": "2025-11-29T18:16:20.855Z",
      "expires_at": "2025-12-29T18:16:20.855Z",
      "used_count": 0,
      "max_uses": null,
      "is_active": true
    }
  },
  {
    "model": "pulse.organizationinvite",
    "pk": 7,
    "fields": {
      "organization": 9,
      "token": "DfQppDNcRa1whD6QXYF8Wsf9MAAK5q9sThFP2_JglTMT-W8N_vHpso_TX6S7wFiJ",
      "created_by": null,
      "created_at": "2025-11-30T04:26:52.439Z",
      "expires_at": "2025-12-30T04:26:52.438Z",
      "used_count": 0,
      "max_uses": null,
      "is_active": true
    }
  },
  {
    "model": "pulse.organizationinvite",
    "pk": 8,
    "fields": {
      "organization": 10,
      "token": "9QmCA4PusjqjhO0v32QHDPDe-AVbhEQv-6xG-LIDdmThWsSa3jl_hg4D_K_6uzts",
      "created_by": null,
      "created_at": "2025-11-30T04:27:42.036Z",
      "expires_at": "2025-12-30T04:27:42.036Z",
      "used_count": 0,
      "max_uses": null,
      "is_active": true
    }
  },
  {
    "model": "pulse.organizationinvite",
    "pk": 9,
    "fields": {
      "organization": 11,
      "token": "k874FV7FQnr7ZgWVEeLr0aEIIJMfcGNEbAMiGq3_B7YGxoM6hlgds3tHMCAKs0fa",
      "created_by": null,
      "created_at": "2025-11-30T04:43:08.865Z",
      "expires_at": "2025-12-30T04:43:08.865Z",
      "used_count": 1,
      "max_uses": null,
      "is_active": true
    }
  },
  {
    "model": "pulse.organizationinvite",
    "pk": 10,
    "fields": {
      "organization": 12,
      "token": "dS3j9-YXwCsDCF7wlZg5BrtPdgYr3UxvZ2JOoYzKvvjnG5cQILT0EOQlzgMevyE_",
      "created_by": null,
      "created_at": "2025-11-30T04:46:49.554Z",
      "expires_at": "2025-12-30T04:46:49.554Z",
      "used_count": 0,
      "max_uses": null,
      "is_active": true
    }
  },
  {
    "model": "pulse.organizationinvite",
    "pk": 11,
    "fields": {
      "organization": 13,
      "token": "kVKHO81mW5uIHTTtUnd8PkbmkFKd0G3N7ISAzctsbUBNxUq_Ymco-iFWXbGYo6CE",
      "created_by": null,
      "created_at": "2025-11-30T11:16:57.353Z",
      "expires_at": "2025-12-30T11:16:57.352Z",
      "used_count": 0,
      "max_uses": null,
      "is_active": true
    }
  },
  {
    "model": "pulse.organizationinvite",
    "pk": 12,
    "fields": {
      "organization": 14,
      "token": "k7NV7ga7QqFNl97fddi-_Pyafeto74ODwo1NCkjifd9A3XgXvzTlwAVDukdhSKhR",
      "created_by": null,
      "created_at": "2025-11-30T12:00:22.574Z",
      "expires_at": "2025-12-30T12:00:22.573Z",
      "used_count": 0,
      "max_uses": null,
      "is_active": true
    }
  },
  {
    "model": "pulse.event",
    "pk": 6,
    "fields": {
      "title": "asdf",
      "description": "asdf",
      "organization": 1,
      "created_by": 3,
      "event_type": "MANDATORY",
      "event_date": "2025-11-28",
      "number_of_days": 1,
      "start_datetime": "2025-11-28T17:42:00Z",
      "end_datetime": "2025-11-29T17:42:00Z",
      "venue": "adfsf",
      "capacity": 20,
      "registration_deadline": null,
      "points": 20,
      "is_public": true,
      "created_at": "2025-11-28T17:43:40.107Z",
      "updated_at": "2025-11-29T18:41:06.584Z",
      "image": "",
      "pinned": false,
      "enable_morning_in": true,
      "enable_morning_out": true,
      "enable_afternoon_in": false,
      "enable_afternoon_out": false,
      "morning_in_start": null,
      "morning_in_end": null,
      "morning_out_start": null,
      "morning_out_end": null,
      "afternoon_in_start": null,
      "afternoon_in_end": null,
      "afternoon_out_start": null,
      "afternoon_out_end": null,
      "attendance_window_start": "2025-11-06T05:43:00Z",
      "attendance_window_end": null
    }
  },
  {
    "model": "pulse.event",
    "pk": 7,
    "fields": {
      "title": "jdhd",
      "description": "jdjdhd",
      "organization": 1,
      "created_by": 3,
      "event_type": "MANDATORY",
      "event_date": "2025-11-29",
      "number_of_days": 1,
      "start_datetime": "2025-11-29T02:59:00Z",
      "end_datetime": "2025-11-29T02:59:00Z",
      "venue": "",
      "capacity": null,
      "registration_deadline": null,
      "points": null,
      "is_public": true,
      "created_at": "2025-11-28T18:59:40.359Z",
      "updated_at": "2025-11-29T20:48:52.279Z",
      "image": "",
      "pinned": false,
      "enable_morning_in": true,
      "enable_morning_out": false,
      "enable_afternoon_in": false,
      "enable_afternoon_out": false,
      "morning_in_start": null,
      "morning_in_end": null,
      "morning_out_start": null,
      "morning_out_end": null,
      "afternoon_in_start": null,
      "afternoon_in_end": null,
      "afternoon_out_start": null,
      "afternoon_out_end": null,
      "attendance_window_start": null,
      "attendance_window_end": null
    }
  },
  {
    "model": "pulse.event",
    "pk": 8,
    "fields": {
      "title": "asfd",
      "description": "asdf",
      "organization": null,
      "created_by": 3,
      "event_type": "OPTIONAL",
      "event_date": "2025-11-28",
      "number_of_days": 1,
      "start_datetime": "2025-11-28T00:00:00Z",
      "end_datetime": "2025-11-28T23:59:59Z",
      "venue": "",
      "capacity": null,
      "registration_deadline": null,
      "points": null,
      "is_public": true,
      "created_at": "2025-11-28T20:11:45.725Z",
      "updated_at": "2025-11-29T20:48:28.034Z",
      "image": "",
      "pinned": false,
      "enable_morning_in": true,
      "enable_morning_out": true,
      "enable_afternoon_in": true,
      "enable_afternoon_out": true,
      "morning_in_start": null,
      "morning_in_end": null,
      "morning_out_start": null,
      "morning_out_end": null,
      "afternoon_in_start": null,
      "afternoon_in_end": null,
      "afternoon_out_start": null,
      "afternoon_out_end": null,
      "attendance_window_start": null,
      "attendance_window_end": null
    }
  },
  {
    "model": "pulse.event",
    "pk": 9,
    "fields": {
      "title": "Medic for Strasuc",
      "description": "",
      "organization": 3,
      "created_by": 3,
      "event_type": "MANDATORY",
      "event_date": "2026-03-09",
      "number_of_days": 1,
      "start_datetime": "2026-03-09T22:00:00Z",
      "end_datetime": "2026-03-10T09:00:00Z",
      "venue": "PSU CARE Office",
      "capacity": 100,
      "registration_deadline": null,
      "points": 10,
      "is_public": true,
      "created_at": "2025-11-29T03:09:25.803Z",
      "updated_at": "2025-11-29T03:11:56.867Z",
      "image": "",
      "pinned": false,
      "enable_morning_in": true,
      "enable_morning_out": false,
      "enable_afternoon_in": true,
      "enable_afternoon_out": true,
      "morning_in_start": "06:00:00",
      "morning_in_end": "06:45:00",
      "morning_out_start": null,
      "morning_out_end": null,
      "afternoon_in_start": "13:00:00",
      "afternoon_in_end": "13:45:00",
      "afternoon_out_start": "17:00:00",
      "afternoon_out_end": "18:00:00",
      "attendance_window_start": null,
      "attendance_window_end": null
    }
  },
  {
    "model": "pulse.event",
    "pk": 10,
    "fields": {
      "title": "BSN 3-3 Grand Case",
      "description": "Kainertz",
      "organization": 4,
      "created_by": 8,
      "event_type": "MANDATORY",
      "event_date": "2025-12-01",
      "number_of_days": 1,
      "start_datetime": "2025-12-01T23:00:00Z",
      "end_datetime": "2025-12-02T09:00:00Z",
      "venue": "CNHS D",
      "capacity": 48,
      "registration_deadline": null,
      "points": 20,
      "is_public": true,
      "created_at": "2025-11-29T03:34:26.172Z",
      "updated_at": "2025-11-29T03:45:14.391Z",
      "image": "event_images/IMG_7838.jpeg",
      "pinned": false,
      "enable_morning_in": true,
      "enable_morning_out": false,
      "enable_afternoon_in": true,
      "enable_afternoon_out": false,
      "morning_in_start": "06:00:00",
      "morning_in_end": "06:45:00",
      "morning_out_start": null,
      "morning_out_end": null,
      "afternoon_in_start": "13:00:00",
      "afternoon_in_end": "13:45:00",
      "afternoon_out_start": null,
      "afternoon_out_end": null,
      "attendance_window_start": null,
      "attendance_window_end": null
    }
  },
  {
    "model": "pulse.event",
    "pk": 11,
    "fields": {
      "title": "Scan",
      "description": "",
      "organization": 2,
      "created_by": 3,
      "event_type": "MANDATORY",
      "event_date": "2025-11-29",
      "number_of_days": 1,
      "start_datetime": "2025-11-29T00:00:00Z",
      "end_datetime": "2025-11-29T23:59:59Z",
      "venue": "Eve",
      "capacity": 20,
      "registration_deadline": null,
      "points": 30,
      "is_public": true,
      "created_at": "2025-11-29T18:52:10.500Z",
      "updated_at": "2025-11-30T17:06:08.353Z",
      "image": "",
      "pinned": false,
      "enable_morning_in": true,
      "enable_morning_out": true,
      "enable_afternoon_in": false,
      "enable_afternoon_out": false,
      "morning_in_start": "05:21:00",
      "morning_in_end": "05:30:00",
      "morning_out_start": "05:31:00",
      "morning_out_end": "07:07:00",
      "afternoon_in_start": "02:57:00",
      "afternoon_in_end": "03:03:00",
      "afternoon_out_start": "03:04:00",
      "afternoon_out_end": "03:10:00",
      "attendance_window_start": null,
      "attendance_window_end": null
    }
  },
  {
    "model": "pulse.event",
    "pk": 12,
    "fields": {
      "title": "WEAREWEWERE",
      "description": "",
      "organization": 2,
      "created_by": 3,
      "event_type": "MANDATORY",
      "event_date": "2025-11-30",
      "number_of_days": 1,
      "start_datetime": "2025-11-30T00:00:00Z",
      "end_datetime": "2025-11-30T23:59:59Z",
      "venue": "",
      "capacity": null,
      "registration_deadline": null,
      "points": null,
      "is_public": true,
      "created_at": "2025-11-29T19:56:52.829Z",
      "updated_at": "2025-11-29T21:50:36.563Z",
      "image": "",
      "pinned": false,
      "enable_morning_in": true,
      "enable_morning_out": true,
      "enable_afternoon_in": false,
      "enable_afternoon_out": false,
      "morning_in_start": "03:57:00",
      "morning_in_end": "10:50:00",
      "morning_out_start": "04:59:00",
      "morning_out_end": "10:50:00",
      "afternoon_in_start": null,
      "afternoon_in_end": null,
      "afternoon_out_start": null,
      "afternoon_out_end": null,
      "attendance_window_start": null,
      "attendance_window_end": null
    }
  },
  {
    "model": "pulse.event",
    "pk": 13,
    "fields": {
      "title": "KKKKKKKKK",
      "description": "",
      "organization": 2,
      "created_by": 3,
      "event_type": "MANDATORY",
      "event_date": "2025-11-30",
      "number_of_days": 1,
      "start_datetime": "2025-11-30T00:00:00Z",
      "end_datetime": "2025-11-30T23:59:59Z",
      "venue": "He",
      "capacity": null,
      "registration_deadline": null,
      "points": null,
      "is_public": true,
      "created_at": "2025-11-29T21:59:51.482Z",
      "updated_at": "2025-11-29T21:59:51.482Z",
      "image": "",
      "pinned": false,
      "enable_morning_in": true,
      "enable_morning_out": true,
      "enable_afternoon_in": false,
      "enable_afternoon_out": false,
      "morning_in_start": "05:00:00",
      "morning_in_end": "09:00:00",
      "morning_out_start": "05:00:00",
      "morning_out_end": "09:00:00",
      "afternoon_in_start": null,
      "afternoon_in_end": null,
      "afternoon_out_start": null,
      "afternoon_out_end": null,
      "attendance_window_start": null,
      "attendance_window_end": null
    }
  },
  {
    "model": "pulse.event",
    "pk": 14,
    "fields": {
      "title": "Please Workkkkk",
      "description": "",
      "organization": 2,
      "created_by": 3,
      "event_type": "MANDATORY",
      "event_date": "2025-11-30",
      "number_of_days": 1,
      "start_datetime": "2025-11-30T00:00:00Z",
      "end_datetime": "2025-11-30T23:59:59Z",
      "venue": "",
      "capacity": null,
      "registration_deadline": null,
      "points": null,
      "is_public": true,
      "created_at": "2025-11-29T22:07:35.426Z",
      "updated_at": "2025-11-29T22:07:35.426Z",
      "image": "",
      "pinned": false,
      "enable_morning_in": true,
      "enable_morning_out": true,
      "enable_afternoon_in": false,
      "enable_afternoon_out": false,
      "morning_in_start": "05:00:00",
      "morning_in_end": "09:00:00",
      "morning_out_start": "05:00:00",
      "morning_out_end": "09:00:00",
      "afternoon_in_start": null,
      "afternoon_in_end": null,
      "afternoon_out_start": null,
      "afternoon_out_end": null,
      "attendance_window_start": null,
      "attendance_window_end": null
    }
  },
  {
    "model": "pulse.event",
    "pk": 15,
    "fields": {
      "title": "Lordddddd",
      "description": "",
      "organization": 2,
      "created_by": 3,
      "event_type": "MANDATORY",
      "event_date": "2025-11-30",
      "number_of_days": 1,
      "start_datetime": "2025-11-30T00:00:00Z",
      "end_datetime": "2025-11-30T23:59:59Z",
      "venue": "He",
      "capacity": null,
      "registration_deadline": null,
      "points": null,
      "is_public": true,
      "created_at": "2025-11-29T22:10:37.148Z",
      "updated_at": "2025-11-29T22:10:37.148Z",
      "image": "",
      "pinned": false,
      "enable_morning_in": true,
      "enable_morning_out": true,
      "enable_afternoon_in": false,
      "enable_afternoon_out": false,
      "morning_in_start": "03:00:00",
      "morning_in_end": null,
      "morning_out_start": "06:00:00",
      "morning_out_end": null,
      "afternoon_in_start": null,
      "afternoon_in_end": null,
      "afternoon_out_start": null,
      "afternoon_out_end": null,
      "attendance_window_start": null,
      "attendance_window_end": null
    }
  },
  {
    "model": "pulse.event",
    "pk": 16,
    "fields": {
      "title": "OMGGGGGG",
      "description": "",
      "organization": 2,
      "created_by": 3,
      "event_type": "MANDATORY",
      "event_date": "2025-11-30",
      "number_of_days": 1,
      "start_datetime": "2025-11-30T00:00:00Z",
      "end_datetime": "2025-11-30T23:59:59Z",
      "venue": "ege",
      "capacity": null,
      "registration_deadline": null,
      "points": null,
      "is_public": true,
      "created_at": "2025-11-29T22:16:09.369Z",
      "updated_at": "2025-11-29T22:16:09.369Z",
      "image": "",
      "pinned": false,
      "enable_morning_in": true,
      "enable_morning_out": true,
      "enable_afternoon_in": false,
      "enable_afternoon_out": false,
      "morning_in_start": "03:00:00",
      "morning_in_end": null,
      "morning_out_start": "06:00:00",
      "morning_out_end": null,
      "afternoon_in_start": null,
      "afternoon_in_end": null,
      "afternoon_out_start": null,
      "afternoon_out_end": null,
      "attendance_window_start": null,
      "attendance_window_end": null
    }
  },
  {
    "model": "pulse.event",
    "pk": 17,
    "fields": {
      "title": "werqwerqwerwerwerwqe",
      "description": "",
      "organization": 2,
      "created_by": 3,
      "event_type": "OPTIONAL",
      "event_date": "2025-11-30",
      "number_of_days": 1,
      "start_datetime": "2025-11-30T00:00:00Z",
      "end_datetime": "2025-11-30T23:59:59Z",
      "venue": "asfd",
      "capacity": null,
      "registration_deadline": null,
      "points": null,
      "is_public": true,
      "created_at": "2025-11-29T22:18:40.619Z",
      "updated_at": "2025-11-29T22:18:40.619Z",
      "image": "",
      "pinned": false,
      "enable_morning_in": true,
      "enable_morning_out": true,
      "enable_afternoon_in": false,
      "enable_afternoon_out": false,
      "morning_in_start": "06:18:00",
      "morning_in_end": null,
      "morning_out_start": "08:18:00",
      "morning_out_end": null,
      "afternoon_in_start": null,
      "afternoon_in_end": null,
      "afternoon_out_start": null,
      "afternoon_out_end": null,
      "attendance_window_start": null,
      "attendance_window_end": null
    }
  },
  {
    "model": "pulse.event",
    "pk": 18,
    "fields": {
      "title": "asdadadasdasdasdasdasdasd",
      "description": "",
      "organization": 2,
      "created_by": 3,
      "event_type": "OPTIONAL",
      "event_date": "2025-11-30",
      "number_of_days": 1,
      "start_datetime": "2025-11-30T00:00:00Z",
      "end_datetime": "2025-11-30T23:59:59Z",
      "venue": "asdasd",
      "capacity": null,
      "registration_deadline": null,
      "points": null,
      "is_public": true,
      "created_at": "2025-11-29T22:21:01.741Z",
      "updated_at": "2025-11-29T22:21:01.741Z",
      "image": "",
      "pinned": false,
      "enable_morning_in": true,
      "enable_morning_out": false,
      "enable_afternoon_in": false,
      "enable_afternoon_out": false,
      "morning_in_start": "06:20:00",
      "morning_in_end": null,
      "morning_out_start": null,
      "morning_out_end": null,
      "afternoon_in_start": null,
      "afternoon_in_end": null,
      "afternoon_out_start": null,
      "afternoon_out_end": null,
      "attendance_window_start": null,
      "attendance_window_end": null
    }
  },
  {
    "model": "pulse.event",
    "pk": 19,
    "fields": {
      "title": "qwertyuifdahsdafsgdhjka",
      "description": "",
      "organization": 2,
      "created_by": 3,
      "event_type": "MANDATORY",
      "event_date": "2025-11-30",
      "number_of_days": 1,
      "start_datetime": "2025-11-30T00:00:00Z",
      "end_datetime": "2025-11-30T23:59:59Z",
      "venue": "asd",
      "capacity": null,
      "registration_deadline": null,
      "points": null,
      "is_public": true,
      "created_at": "2025-11-29T23:18:16.091Z",
      "updated_at": "2025-11-29T23:18:16.091Z",
      "image": "",
      "pinned": false,
      "enable_morning_in": true,
      "enable_morning_out": false,
      "enable_afternoon_in": false,
      "enable_afternoon_out": false,
      "morning_in_start": "07:18:00",
      "morning_in_end": null,
      "morning_out_start": null,
      "morning_out_end": null,
      "afternoon_in_start": null,
      "afternoon_in_end": null,
      "afternoon_out_start": null,
      "afternoon_out_end": null,
      "attendance_window_start": null,
      "attendance_window_end": null
    }
  },
  {
    "model": "pulse.event",
    "pk": 20,
    "fields": {
      "title": "GRADUATEEEE",
      "description": "",
      "organization": 2,
      "created_by": 3,
      "event_type": "MANDATORY",
      "event_date": "2025-11-30",
      "number_of_days": 1,
      "start_datetime": "2025-11-30T00:00:00Z",
      "end_datetime": "2025-11-30T23:59:59Z",
      "venue": "",
      "capacity": null,
      "registration_deadline": null,
      "points": null,
      "is_public": true,
      "created_at": "2025-11-29T23:25:03.204Z",
      "updated_at": "2025-11-29T23:25:12.098Z",
      "image": "",
      "pinned": false,
      "enable_morning_in": true,
      "enable_morning_out": true,
      "enable_afternoon_in": true,
      "enable_afternoon_out": true,
      "morning_in_start": "07:24:00",
      "morning_in_end": null,
      "morning_out_start": "07:24:00",
      "morning_out_end": null,
      "afternoon_in_start": "07:24:00",
      "afternoon_in_end": null,
      "afternoon_out_start": "07:25:00",
      "afternoon_out_end": null,
      "attendance_window_start": null,
      "attendance_window_end": null
    }
  },
  {
    "model": "pulse.event",
    "pk": 21,
    "fields": {
      "title": "testing some qr code",
      "description": "",
      "organization": 2,
      "created_by": 5,
      "event_type": "MANDATORY",
      "event_date": "2025-11-30",
      "number_of_days": 1,
      "start_datetime": "2025-11-30T00:00:00Z",
      "end_datetime": "2025-11-30T23:59:59Z",
      "venue": "",
      "capacity": null,
      "registration_deadline": null,
      "points": null,
      "is_public": true,
      "created_at": "2025-11-30T08:00:32.881Z",
      "updated_at": "2025-11-30T08:01:42.019Z",
      "image": "",
      "pinned": false,
      "enable_morning_in": true,
      "enable_morning_out": false,
      "enable_afternoon_in": false,
      "enable_afternoon_out": false,
      "morning_in_start": "16:00:00",
      "morning_in_end": null,
      "morning_out_start": null,
      "morning_out_end": null,
      "afternoon_in_start": null,
      "afternoon_in_end": null,
      "afternoon_out_start": null,
      "afternoon_out_end": null,
      "attendance_window_start": null,
      "attendance_window_end": null
    }
  },
  {
    "model": "pulse.event",
    "pk": 22,
    "fields": {
      "title": "Proposal Defense",
      "description": "",
      "organization": 1,
      "created_by": 8,
      "event_type": "MANDATORY",
      "event_date": "2025-11-30",
      "number_of_days": 1,
      "start_datetime": "2025-11-30T00:00:00Z",
      "end_datetime": "2025-11-30T23:59:59Z",
      "venue": "PSU CNHS D",
      "capacity": 48,
      "registration_deadline": null,
      "points": 20,
      "is_public": true,
      "created_at": "2025-11-30T11:02:26.430Z",
      "updated_at": "2025-11-30T11:06:03.741Z",
      "image": "",
      "pinned": false,
      "enable_morning_in": true,
      "enable_morning_out": true,
      "enable_afternoon_in": true,
      "enable_afternoon_out": true,
      "morning_in_start": "18:53:00",
      "morning_in_end": null,
      "morning_out_start": "18:54:00",
      "morning_out_end": null,
      "afternoon_in_start": "18:54:00",
      "afternoon_in_end": null,
      "afternoon_out_start": "18:54:00",
      "afternoon_out_end": null,
      "attendance_window_start": null,
      "attendance_window_end": null
    }
  },
  {
    "model": "pulse.event",
    "pk": 23,
    "fields": {
      "title": "AAA",
      "description": "qr32r324",
      "organization": 13,
      "created_by": 16,
      "event_type": "MANDATORY",
      "event_date": "2026-01-01",
      "number_of_days": 1,
      "start_datetime": "2026-01-01T00:00:00Z",
      "end_datetime": "2026-01-01T23:59:59Z",
      "venue": "11",
      "capacity": null,
      "registration_deadline": null,
      "points": null,
      "is_public": true,
      "created_at": "2025-11-30T11:48:03.469Z",
      "updated_at": "2025-11-30T11:48:03.469Z",
      "image": "",
      "pinned": true,
      "enable_morning_in": true,
      "enable_morning_out": true,
      "enable_afternoon_in": true,
      "enable_afternoon_out": true,
      "morning_in_start": null,
      "morning_in_end": null,
      "morning_out_start": null,
      "morning_out_end": null,
      "afternoon_in_start": null,
      "afternoon_in_end": null,
      "afternoon_out_start": null,
      "afternoon_out_end": null,
      "attendance_window_start": null,
      "attendance_window_end": null
    }
  },
  {
    "model": "pulse.event",
    "pk": 24,
    "fields": {
      "title": "Proof Reading Manuscript",
      "description": "Aucco naaaaa\r\nMatapos labg ang grand case maga dagat ang G1!",
      "organization": 4,
      "created_by": 8,
      "event_type": "MANDATORY",
      "event_date": "2025-11-30",
      "number_of_days": 1,
      "start_datetime": "2025-11-30T00:00:00Z",
      "end_datetime": "2025-11-30T23:59:59Z",
      "venue": "Bahay ni Eynun",
      "capacity": 12,
      "registration_deadline": null,
      "points": 10,
      "is_public": true,
      "created_at": "2025-11-30T14:07:48.944Z",
      "updated_at": "2025-11-30T14:07:48.944Z",
      "image": "",
      "pinned": false,
      "enable_morning_in": true,
      "enable_morning_out": false,
      "enable_afternoon_in": true,
      "enable_afternoon_out": false,
      "morning_in_start": "07:00:00",
      "morning_in_end": "08:00:00",
      "morning_out_start": null,
      "morning_out_end": null,
      "afternoon_in_start": "22:07:00",
      "afternoon_in_end": "23:07:00",
      "afternoon_out_start": null,
      "afternoon_out_end": null,
      "attendance_window_start": null,
      "attendance_window_end": null
    }
  },
  {
    "model": "pulse.event",
    "pk": 25,
    "fields": {
      "title": "Computational Science",
      "description": "",
      "organization": 1,
      "created_by": 3,
      "event_type": "MANDATORY",
      "event_date": "2025-12-01",
      "number_of_days": 1,
      "start_datetime": "2025-12-01T00:00:00Z",
      "end_datetime": "2025-12-01T23:59:59Z",
      "venue": "MTC 2",
      "capacity": 35,
      "registration_deadline": null,
      "points": 20,
      "is_public": true,
      "created_at": "2025-12-01T08:00:50.445Z",
      "updated_at": "2025-12-01T08:00:50.445Z",
      "image": "",
      "pinned": false,
      "enable_morning_in": false,
      "enable_morning_out": false,
      "enable_afternoon_in": true,
      "enable_afternoon_out": true,
      "morning_in_start": null,
      "morning_in_end": null,
      "morning_out_start": null,
      "morning_out_end": null,
      "afternoon_in_start": "16:30:00",
      "afternoon_in_end": null,
      "afternoon_out_start": "18:30:00",
      "afternoon_out_end": null,
      "attendance_window_start": null,
      "attendance_window_end": null
    }
  },
  {
    "model": "pulse.event",
    "pk": 26,
    "fields": {
      "title": "Research Defense",
      "description": "",
      "organization": 4,
      "created_by": 3,
      "event_type": "MANDATORY",
      "event_date": "2025-12-18",
      "number_of_days": 1,
      "start_datetime": "2025-12-18T00:00:00Z",
      "end_datetime": "2025-12-18T23:59:59Z",
      "venue": "CNHS - D, Palawan State University",
      "capacity": 48,
      "registration_deadline": null,
      "points": 100,
      "is_public": true,
      "created_at": "2025-12-16T11:54:15.352Z",
      "updated_at": "2025-12-16T11:58:48.879Z",
      "image": "event_images/photo_2025-12-16_19-52-54.jpg",
      "pinned": true,
      "enable_morning_in": true,
      "enable_morning_out": true,
      "enable_afternoon_in": false,
      "enable_afternoon_out": false,
      "morning_in_start": "06:45:00",
      "morning_in_end": null,
      "morning_out_start": "11:29:00",
      "morning_out_end": null,
      "afternoon_in_start": null,
      "afternoon_in_end": null,
      "afternoon_out_start": null,
      "afternoon_out_end": null,
      "attendance_window_start": null,
      "attendance_window_end": null
    }
  },
  {
    "model": "pulse.event",
    "pk": 27,
    "fields": {
      "title": "Mock Interview",
      "description": "",
      "organization": 4,
      "created_by": 3,
      "event_type": "MANDATORY",
      "event_date": "2025-12-16",
      "number_of_days": 1,
      "start_datetime": "2025-12-16T00:00:00Z",
      "end_datetime": "2025-12-16T23:59:59Z",
      "venue": "PITBI, PALAWAN STATE UNIVERSITY",
      "capacity": null,
      "registration_deadline": null,
      "points": 100,
      "is_public": true,
      "created_at": "2025-12-16T11:58:04.703Z",
      "updated_at": "2025-12-16T11:58:04.703Z",
      "image": "event_images/photo_2025-12-16_19-56-24.jpg",
      "pinned": true,
      "enable_morning_in": true,
      "enable_morning_out": true,
      "enable_afternoon_in": false,
      "enable_afternoon_out": false,
      "morning_in_start": "06:45:00",
      "morning_in_end": null,
      "morning_out_start": "11:35:00",
      "morning_out_end": null,
      "afternoon_in_start": null,
      "afternoon_in_end": null,
      "afternoon_out_start": null,
      "afternoon_out_end": null,
      "attendance_window_start": null,
      "attendance_window_end": null
    }
  },
  {
    "model": "pulse.registration",
    "pk": 5,
    "fields": {
      "event": 6,
      "user": 3,
      "status": "PRE",
      "is_mandatory": true,
      "registered_at": "2025-11-28T17:43:40.117Z",
      "checked_in_at": null,
      "notes": ""
    }
  },
  {
    "model": "pulse.registration",
    "pk": 6,
    "fields": {
      "event": 6,
      "user": 4,
      "status": "ATTENDED",
      "is_mandatory": true,
      "registered_at": "2025-11-28T17:43:40.126Z",
      "checked_in_at": null,
      "notes": ""
    }
  },
  {
    "model": "pulse.registration",
    "pk": 7,
    "fields": {
      "event": 7,
      "user": 3,
      "status": "PRE",
      "is_mandatory": true,
      "registered_at": "2025-11-28T18:59:40.367Z",
      "checked_in_at": null,
      "notes": ""
    }
  },
  {
    "model": "pulse.registration",
    "pk": 8,
    "fields": {
      "event": 7,
      "user": 4,
      "status": "PRE",
      "is_mandatory": true,
      "registered_at": "2025-11-28T18:59:40.373Z",
      "checked_in_at": null,
      "notes": ""
    }
  },
  {
    "model": "pulse.registration",
    "pk": 9,
    "fields": {
      "event": 8,
      "user": 4,
      "status": "PRE",
      "is_mandatory": false,
      "registered_at": "2025-11-28T20:12:32.764Z",
      "checked_in_at": null,
      "notes": ""
    }
  },
  {
    "model": "pulse.registration",
    "pk": 10,
    "fields": {
      "event": 7,
      "user": 5,
      "status": "PRE",
      "is_mandatory": true,
      "registered_at": "2025-11-29T00:25:07.407Z",
      "checked_in_at": null,
      "notes": ""
    }
  },
  {
    "model": "pulse.registration",
    "pk": 11,
    "fields": {
      "event": 6,
      "user": 5,
      "status": "PRE",
      "is_mandatory": true,
      "registered_at": "2025-11-29T00:25:07.413Z",
      "checked_in_at": null,
      "notes": ""
    }
  },
  {
    "model": "pulse.registration",
    "pk": 12,
    "fields": {
      "event": 9,
      "user": 8,
      "status": "PRE",
      "is_mandatory": true,
      "registered_at": "2025-11-29T03:09:25.809Z",
      "checked_in_at": null,
      "notes": ""
    }
  },
  {
    "model": "pulse.registration",
    "pk": 13,
    "fields": {
      "event": 9,
      "user": 3,
      "status": "PRE",
      "is_mandatory": true,
      "registered_at": "2025-11-29T03:14:12.404Z",
      "checked_in_at": null,
      "notes": ""
    }
  },
  {
    "model": "pulse.registration",
    "pk": 14,
    "fields": {
      "event": 10,
      "user": 8,
      "status": "PRE",
      "is_mandatory": true,
      "registered_at": "2025-11-29T03:45:14.395Z",
      "checked_in_at": null,
      "notes": ""
    }
  },
  {
    "model": "pulse.registration",
    "pk": 15,
    "fields": {
      "event": 10,
      "user": 3,
      "status": "PRE",
      "is_mandatory": true,
      "registered_at": "2025-11-29T18:05:21.087Z",
      "checked_in_at": null,
      "notes": ""
    }
  },
  {
    "model": "pulse.registration",
    "pk": 16,
    "fields": {
      "event": 11,
      "user": 4,
      "status": "ATTENDED",
      "is_mandatory": true,
      "registered_at": "2025-11-29T18:52:10.505Z",
      "checked_in_at": null,
      "notes": ""
    }
  },
  {
    "model": "pulse.registration",
    "pk": 17,
    "fields": {
      "event": 11,
      "user": 5,
      "status": "PRE",
      "is_mandatory": true,
      "registered_at": "2025-11-29T18:52:10.509Z",
      "checked_in_at": null,
      "notes": ""
    }
  },
  {
    "model": "pulse.registration",
    "pk": 18,
    "fields": {
      "event": 11,
      "user": 3,
      "status": "PRE",
      "is_mandatory": true,
      "registered_at": "2025-11-29T18:52:10.512Z",
      "checked_in_at": null,
      "notes": ""
    }
  },
  {
    "model": "pulse.registration",
    "pk": 19,
    "fields": {
      "event": 12,
      "user": 4,
      "status": "PRE",
      "is_mandatory": true,
      "registered_at": "2025-11-29T21:50:36.584Z",
      "checked_in_at": null,
      "notes": ""
    }
  },
  {
    "model": "pulse.registration",
    "pk": 20,
    "fields": {
      "event": 12,
      "user": 5,
      "status": "PRE",
      "is_mandatory": true,
      "registered_at": "2025-11-29T21:50:36.589Z",
      "checked_in_at": null,
      "notes": ""
    }
  },
  {
    "model": "pulse.registration",
    "pk": 21,
    "fields": {
      "event": 12,
      "user": 3,
      "status": "PRE",
      "is_mandatory": true,
      "registered_at": "2025-11-29T21:50:36.598Z",
      "checked_in_at": null,
      "notes": ""
    }
  },
  {
    "model": "pulse.registration",
    "pk": 22,
    "fields": {
      "event": 13,
      "user": 4,
      "status": "PRE",
      "is_mandatory": true,
      "registered_at": "2025-11-29T21:59:51.491Z",
      "checked_in_at": null,
      "notes": ""
    }
  },
  {
    "model": "pulse.registration",
    "pk": 23,
    "fields": {
      "event": 13,
      "user": 5,
      "status": "PRE",
      "is_mandatory": true,
      "registered_at": "2025-11-29T21:59:51.494Z",
      "checked_in_at": null,
      "notes": ""
    }
  },
  {
    "model": "pulse.registration",
    "pk": 24,
    "fields": {
      "event": 13,
      "user": 3,
      "status": "PRE",
      "is_mandatory": true,
      "registered_at": "2025-11-29T21:59:51.498Z",
      "checked_in_at": null,
      "notes": ""
    }
  },
  {
    "model": "pulse.registration",
    "pk": 25,
    "fields": {
      "event": 14,
      "user": 4,
      "status": "PRE",
      "is_mandatory": true,
      "registered_at": "2025-11-29T22:07:35.431Z",
      "checked_in_at": null,
      "notes": ""
    }
  },
  {
    "model": "pulse.registration",
    "pk": 26,
    "fields": {
      "event": 14,
      "user": 5,
      "status": "PRE",
      "is_mandatory": true,
      "registered_at": "2025-11-29T22:07:35.434Z",
      "checked_in_at": null,
      "notes": ""
    }
  },
  {
    "model": "pulse.registration",
    "pk": 27,
    "fields": {
      "event": 14,
      "user": 3,
      "status": "PRE",
      "is_mandatory": true,
      "registered_at": "2025-11-29T22:07:35.438Z",
      "checked_in_at": null,
      "notes": ""
    }
  },
  {
    "model": "pulse.registration",
    "pk": 28,
    "fields": {
      "event": 15,
      "user": 4,
      "status": "ATTENDED",
      "is_mandatory": true,
      "registered_at": "2025-11-29T22:10:37.156Z",
      "checked_in_at": null,
      "notes": ""
    }
  },
  {
    "model": "pulse.registration",
    "pk": 29,
    "fields": {
      "event": 15,
      "user": 5,
      "status": "PRE",
      "is_mandatory": true,
      "registered_at": "2025-11-29T22:10:37.159Z",
      "checked_in_at": null,
      "notes": ""
    }
  },
  {
    "model": "pulse.registration",
    "pk": 30,
    "fields": {
      "event": 15,
      "user": 3,
      "status": "PRE",
      "is_mandatory": true,
      "registered_at": "2025-11-29T22:10:37.163Z",
      "checked_in_at": null,
      "notes": ""
    }
  },
  {
    "model": "pulse.registration",
    "pk": 31,
    "fields": {
      "event": 16,
      "user": 4,
      "status": "PRE",
      "is_mandatory": true,
      "registered_at": "2025-11-29T22:16:09.378Z",
      "checked_in_at": null,
      "notes": ""
    }
  },
  {
    "model": "pulse.registration",
    "pk": 32,
    "fields": {
      "event": 16,
      "user": 5,
      "status": "PRE",
      "is_mandatory": true,
      "registered_at": "2025-11-29T22:16:09.384Z",
      "checked_in_at": null,
      "notes": ""
    }
  },
  {
    "model": "pulse.registration",
    "pk": 33,
    "fields": {
      "event": 16,
      "user": 3,
      "status": "PRE",
      "is_mandatory": true,
      "registered_at": "2025-11-29T22:16:09.389Z",
      "checked_in_at": null,
      "notes": ""
    }
  },
  {
    "model": "pulse.registration",
    "pk": 34,
    "fields": {
      "event": 17,
      "user": 4,
      "status": "ATTENDED",
      "is_mandatory": false,
      "registered_at": "2025-11-29T22:19:46.819Z",
      "checked_in_at": null,
      "notes": ""
    }
  },
  {
    "model": "pulse.registration",
    "pk": 35,
    "fields": {
      "event": 18,
      "user": 4,
      "status": "PRE",
      "is_mandatory": false,
      "registered_at": "2025-11-29T22:21:43.224Z",
      "checked_in_at": null,
      "notes": ""
    }
  },
  {
    "model": "pulse.registration",
    "pk": 36,
    "fields": {
      "event": 19,
      "user": 4,
      "status": "ATTENDED",
      "is_mandatory": true,
      "registered_at": "2025-11-29T23:18:16.098Z",
      "checked_in_at": null,
      "notes": ""
    }
  },
  {
    "model": "pulse.registration",
    "pk": 37,
    "fields": {
      "event": 19,
      "user": 5,
      "status": "ATTENDED",
      "is_mandatory": true,
      "registered_at": "2025-11-29T23:18:16.102Z",
      "checked_in_at": null,
      "notes": ""
    }
  },
  {
    "model": "pulse.registration",
    "pk": 38,
    "fields": {
      "event": 19,
      "user": 3,
      "status": "PRE",
      "is_mandatory": true,
      "registered_at": "2025-11-29T23:18:16.105Z",
      "checked_in_at": null,
      "notes": ""
    }
  },
  {
    "model": "pulse.registration",
    "pk": 39,
    "fields": {
      "event": 20,
      "user": 4,
      "status": "ATTENDED",
      "is_mandatory": true,
      "registered_at": "2025-11-29T23:25:12.105Z",
      "checked_in_at": null,
      "notes": ""
    }
  },
  {
    "model": "pulse.registration",
    "pk": 40,
    "fields": {
      "event": 20,
      "user": 5,
      "status": "PRE",
      "is_mandatory": true,
      "registered_at": "2025-11-29T23:25:12.109Z",
      "checked_in_at": null,
      "notes": ""
    }
  },
  {
    "model": "pulse.registration",
    "pk": 41,
    "fields": {
      "event": 20,
      "user": 3,
      "status": "PRE",
      "is_mandatory": true,
      "registered_at": "2025-11-29T23:25:12.112Z",
      "checked_in_at": null,
      "notes": ""
    }
  },
  {
    "model": "pulse.registration",
    "pk": 42,
    "fields": {
      "event": 21,
      "user": 4,
      "status": "ATTENDED",
      "is_mandatory": true,
      "registered_at": "2025-11-30T08:00:32.897Z",
      "checked_in_at": null,
      "notes": ""
    }
  },
  {
    "model": "pulse.registration",
    "pk": 43,
    "fields": {
      "event": 21,
      "user": 5,
      "status": "PRE",
      "is_mandatory": true,
      "registered_at": "2025-11-30T08:00:32.905Z",
      "checked_in_at": null,
      "notes": ""
    }
  },
  {
    "model": "pulse.registration",
    "pk": 44,
    "fields": {
      "event": 21,
      "user": 3,
      "status": "PRE",
      "is_mandatory": true,
      "registered_at": "2025-11-30T08:00:32.912Z",
      "checked_in_at": null,
      "notes": ""
    }
  },
  {
    "model": "pulse.registration",
    "pk": 45,
    "fields": {
      "event": 22,
      "user": 3,
      "status": "ATTENDED",
      "is_mandatory": true,
      "registered_at": "2025-11-30T11:02:26.481Z",
      "checked_in_at": null,
      "notes": ""
    }
  },
  {
    "model": "pulse.registration",
    "pk": 46,
    "fields": {
      "event": 22,
      "user": 4,
      "status": "PRE",
      "is_mandatory": true,
      "registered_at": "2025-11-30T11:02:26.522Z",
      "checked_in_at": null,
      "notes": ""
    }
  },
  {
    "model": "pulse.registration",
    "pk": 47,
    "fields": {
      "event": 22,
      "user": 5,
      "status": "PRE",
      "is_mandatory": true,
      "registered_at": "2025-11-30T11:02:26.557Z",
      "checked_in_at": null,
      "notes": ""
    }
  },
  {
    "model": "pulse.registration",
    "pk": 48,
    "fields": {
      "event": 22,
      "user": 8,
      "status": "PRE",
      "is_mandatory": true,
      "registered_at": "2025-11-30T11:02:26.600Z",
      "checked_in_at": null,
      "notes": ""
    }
  },
  {
    "model": "pulse.registration",
    "pk": 49,
    "fields": {
      "event": 23,
      "user": 10,
      "status": "PRE",
      "is_mandatory": true,
      "registered_at": "2025-11-30T11:48:03.517Z",
      "checked_in_at": null,
      "notes": ""
    }
  },
  {
    "model": "pulse.registration",
    "pk": 50,
    "fields": {
      "event": 23,
      "user": 12,
      "status": "PRE",
      "is_mandatory": true,
      "registered_at": "2025-11-30T11:48:03.556Z",
      "checked_in_at": null,
      "notes": ""
    }
  },
  {
    "model": "pulse.registration",
    "pk": 51,
    "fields": {
      "event": 10,
      "user": 18,
      "status": "PRE",
      "is_mandatory": true,
      "registered_at": "2025-11-30T13:51:16.354Z",
      "checked_in_at": null,
      "notes": ""
    }
  },
  {
    "model": "pulse.registration",
    "pk": 52,
    "fields": {
      "event": 26,
      "user": 8,
      "status": "PRE",
      "is_mandatory": true,
      "registered_at": "2025-12-16T11:58:48.919Z",
      "checked_in_at": null,
      "notes": ""
    }
  },
  {
    "model": "pulse.registration",
    "pk": 53,
    "fields": {
      "event": 26,
      "user": 3,
      "status": "PRE",
      "is_mandatory": true,
      "registered_at": "2025-12-16T11:58:48.953Z",
      "checked_in_at": null,
      "notes": ""
    }
  },
  {
    "model": "pulse.registration",
    "pk": 54,
    "fields": {
      "event": 26,
      "user": 18,
      "status": "PRE",
      "is_mandatory": true,
      "registered_at": "2025-12-16T11:58:48.982Z",
      "checked_in_at": null,
      "notes": ""
    }
  },
  {
    "model": "pulse.pointstransaction",
    "pk": 1,
    "fields": {
      "user_profile": 3,
      "amount": 10,
      "reason": "Attendance: asdf (TIME_IN)",
      "event": 6,
      "timestamp": "2025-11-28T19:31:08.245Z",
      "balance_after": 10
    }
  },
  {
    "model": "pulse.pointstransaction",
    "pk": 2,
    "fields": {
      "user_profile": 3,
      "amount": 10,
      "reason": "Attendance: asdf (TIME_OUT)",
      "event": 6,
      "timestamp": "2025-11-28T19:32:00.532Z",
      "balance_after": 20
    }
  },
  {
    "model": "pulse.pointstransaction",
    "pk": 3,
    "fields": {
      "user_profile": 2,
      "amount": 10,
      "reason": "Approved Excuse: jdhd (MORNING_IN)",
      "event": 7,
      "timestamp": "2025-11-29T18:45:00.287Z",
      "balance_after": 10
    }
  },
  {
    "model": "pulse.pointstransaction",
    "pk": 4,
    "fields": {
      "user_profile": 3,
      "amount": 15,
      "reason": "Attendance: Scan (M)",
      "event": 11,
      "timestamp": "2025-11-29T21:48:01.296Z",
      "balance_after": 35
    }
  },
  {
    "model": "pulse.pointstransaction",
    "pk": 5,
    "fields": {
      "user_profile": 3,
      "amount": 5,
      "reason": "Attendance: WEAREWEWERE (M)",
      "event": 12,
      "timestamp": "2025-11-29T21:51:36.146Z",
      "balance_after": 40
    }
  },
  {
    "model": "pulse.pointstransaction",
    "pk": 6,
    "fields": {
      "user_profile": 3,
      "amount": 5,
      "reason": "Attendance: KKKKKKKKK (M)",
      "event": 13,
      "timestamp": "2025-11-29T22:00:26.479Z",
      "balance_after": 45
    }
  },
  {
    "model": "pulse.pointstransaction",
    "pk": 7,
    "fields": {
      "user_profile": 3,
      "amount": 5,
      "reason": "Attendance: Please Workkkkk (M)",
      "event": 14,
      "timestamp": "2025-11-29T22:08:46.564Z",
      "balance_after": 50
    }
  },
  {
    "model": "pulse.pointstransaction",
    "pk": 8,
    "fields": {
      "user_profile": 3,
      "amount": 5,
      "reason": "Attendance: Lordddddd (M)",
      "event": 15,
      "timestamp": "2025-11-29T22:10:55.921Z",
      "balance_after": 55
    }
  },
  {
    "model": "pulse.pointstransaction",
    "pk": 9,
    "fields": {
      "user_profile": 3,
      "amount": 5,
      "reason": "Attendance: OMGGGGGG (M)",
      "event": 16,
      "timestamp": "2025-11-29T22:16:48.014Z",
      "balance_after": 60
    }
  },
  {
    "model": "pulse.pointstransaction",
    "pk": 10,
    "fields": {
      "user_profile": 3,
      "amount": 5,
      "reason": "Attendance: werqwerqwerwerwerwqe (M)",
      "event": 17,
      "timestamp": "2025-11-29T22:19:52.169Z",
      "balance_after": 65
    }
  },
  {
    "model": "pulse.pointstransaction",
    "pk": 11,
    "fields": {
      "user_profile": 3,
      "amount": 10,
      "reason": "Attendance: qwertyuifdahsdafsgdhjka (MORNING_IN)",
      "event": 19,
      "timestamp": "2025-11-29T23:22:45.342Z",
      "balance_after": 75
    }
  },
  {
    "model": "pulse.pointstransaction",
    "pk": 12,
    "fields": {
      "user_profile": 3,
      "amount": 2,
      "reason": "Attendance: GRADUATEEEE (MORNING_OUT)",
      "event": 20,
      "timestamp": "2025-11-29T23:28:20.452Z",
      "balance_after": 77
    }
  },
  {
    "model": "pulse.pointstransaction",
    "pk": 13,
    "fields": {
      "user_profile": 3,
      "amount": 15,
      "reason": "Attendance: Scan (MORNING_IN)",
      "event": 11,
      "timestamp": "2025-11-29T23:37:39.240Z",
      "balance_after": 92
    }
  },
  {
    "model": "pulse.pointstransaction",
    "pk": 14,
    "fields": {
      "user_profile": 3,
      "amount": 5,
      "reason": "Attendance: werqwerqwerwerwerwqe (MORNING_IN)",
      "event": 17,
      "timestamp": "2025-11-29T23:45:38.274Z",
      "balance_after": 97
    }
  },
  {
    "model": "pulse.pointstransaction",
    "pk": 15,
    "fields": {
      "user_profile": 3,
      "amount": 5,
      "reason": "Attendance: werqwerqwerwerwerwqe (MORNING_OUT)",
      "event": 17,
      "timestamp": "2025-11-29T23:45:46.777Z",
      "balance_after": 102
    }
  },
  {
    "model": "pulse.pointstransaction",
    "pk": 16,
    "fields": {
      "user_profile": 3,
      "amount": 5,
      "reason": "Attendance: OMGGGGGG (MORNING_OUT)",
      "event": 16,
      "timestamp": "2025-11-29T23:45:53.974Z",
      "balance_after": 107
    }
  },
  {
    "model": "pulse.pointstransaction",
    "pk": 17,
    "fields": {
      "user_profile": 3,
      "amount": 5,
      "reason": "Attendance: Lordddddd (MORNING_IN)",
      "event": 15,
      "timestamp": "2025-11-29T23:46:39.618Z",
      "balance_after": 112
    }
  },
  {
    "model": "pulse.pointstransaction",
    "pk": 18,
    "fields": {
      "user_profile": 3,
      "amount": 2,
      "reason": "Attendance: GRADUATEEEE (AFTERNOON_OUT)",
      "event": 20,
      "timestamp": "2025-11-29T23:47:24.875Z",
      "balance_after": 114
    }
  },
  {
    "model": "pulse.pointstransaction",
    "pk": 19,
    "fields": {
      "user_profile": 4,
      "amount": 10,
      "reason": "Attendance: qwertyuifdahsdafsgdhjka (MORNING_IN)",
      "event": 19,
      "timestamp": "2025-11-30T05:57:57.270Z",
      "balance_after": 10
    }
  },
  {
    "model": "pulse.pointstransaction",
    "pk": 20,
    "fields": {
      "user_profile": 3,
      "amount": 2,
      "reason": "Attendance: GRADUATEEEE (MORNING_IN)",
      "event": 20,
      "timestamp": "2025-11-30T06:33:03.372Z",
      "balance_after": 116
    }
  },
  {
    "model": "pulse.pointstransaction",
    "pk": 21,
    "fields": {
      "user_profile": 3,
      "amount": 10,
      "reason": "Attendance: testing some qr code (MORNING_IN)",
      "event": 21,
      "timestamp": "2025-11-30T08:06:53.462Z",
      "balance_after": 126
    }
  },
  {
    "model": "pulse.pointstransaction",
    "pk": 22,
    "fields": {
      "user_profile": 2,
      "amount": 5,
      "reason": "Attendance: Proposal Defense (AFTERNOON_IN)",
      "event": 22,
      "timestamp": "2025-11-30T11:07:01.463Z",
      "balance_after": 15
    }
  },
  {
    "model": "pulse.pointstransaction",
    "pk": 23,
    "fields": {
      "user_profile": 3,
      "amount": 10,
      "reason": "Approved Excuse: asdf (ALL)",
      "event": 6,
      "timestamp": "2025-11-30T11:09:42.279Z",
      "balance_after": 136
    }
  },
  {
    "model": "pulse.pointstransaction",
    "pk": 24,
    "fields": {
      "user_profile": 2,
      "amount": 5,
      "reason": "Attendance: Proposal Defense (AFTERNOON_OUT)",
      "event": 22,
      "timestamp": "2025-11-30T11:11:00.837Z",
      "balance_after": 20
    }
  },
  {
    "model": "pulse.pointstransaction",
    "pk": 25,
    "fields": {
      "user_profile": 17,
      "amount": 5,
      "reason": "Attendance: Proof Reading Manuscript (AFTERNOON_IN)",
      "event": 24,
      "timestamp": "2025-11-30T14:10:09.048Z",
      "balance_after": 5
    }
  },
  {
    "model": "pulse.announcement",
    "pk": 1,
    "fields": {
      "title": "Announcement Test 1",
      "content": "lorem ipsum",
      "organization": null,
      "created_by": 3,
      "created_at": "2025-11-02T14:59:17.561Z",
      "expires_at": "2025-11-03T16:00:00Z",
      "pinned": true,
      "image": "announcement_images/7495.avif"
    }
  },
  {
    "model": "pulse.announcement",
    "pk": 2,
    "fields": {
      "title": "Hello Testers",
      "content": "Hello everyone please report any bugs you see, Thank you!",
      "organization": null,
      "created_by": 3,
      "created_at": "2025-11-30T04:10:18.966Z",
      "expires_at": null,
      "pinned": true,
      "image": ""
    }
  },
  {
    "model": "pulse.qrcode",
    "pk": 1,
    "fields": {
      "user": 4,
      "organization": 1,
      "token": "311857a87ffce6430abc45984f0d74db",
      "created_at": "2025-11-28T17:32:05.850Z",
      "last_used_at": "2025-11-28T19:32:00.532Z",
      "is_active": false
    }
  },
  {
    "model": "pulse.qrcode",
    "pk": 2,
    "fields": {
      "user": 3,
      "organization": null,
      "token": "a75e88aab073633c091d8fa5371a6fb8",
      "created_at": "2025-11-28T18:32:21.762Z",
      "last_used_at": "2025-11-30T11:11:00.839Z",
      "is_active": true
    }
  },
  {
    "model": "pulse.qrcode",
    "pk": 3,
    "fields": {
      "user": 4,
      "organization": null,
      "token": "c832124b1b9ab2033b9e25169049dfbc",
      "created_at": "2025-11-28T20:12:22.251Z",
      "last_used_at": "2025-11-30T08:06:53.462Z",
      "is_active": true
    }
  },
  {
    "model": "pulse.qrcode",
    "pk": 4,
    "fields": {
      "user": 5,
      "organization": null,
      "token": "583b5427503c7b6c709bf803758a1d78",
      "created_at": "2025-11-28T23:41:32.038Z",
      "last_used_at": "2025-11-30T05:57:57.270Z",
      "is_active": true
    }
  },
  {
    "model": "pulse.qrcode",
    "pk": 5,
    "fields": {
      "user": 5,
      "organization": 2,
      "token": "db59e1778240d6d8e33ead597bed1f35",
      "created_at": "2025-11-29T00:24:47.176Z",
      "last_used_at": null,
      "is_active": false
    }
  },
  {
    "model": "pulse.qrcode",
    "pk": 6,
    "fields": {
      "user": 5,
      "organization": 1,
      "token": "b6dffbf66a91025ac0e164b79ff04f35",
      "created_at": "2025-11-29T00:25:07.415Z",
      "last_used_at": null,
      "is_active": false
    }
  },
  {
    "model": "pulse.qrcode",
    "pk": 7,
    "fields": {
      "user": 8,
      "organization": null,
      "token": "f2ec521d3254dd23b806955ead00b8ff",
      "created_at": "2025-11-29T03:05:37.092Z",
      "last_used_at": null,
      "is_active": true
    }
  },
  {
    "model": "pulse.qrcode",
    "pk": 8,
    "fields": {
      "user": 3,
      "organization": 3,
      "token": "f1fe5a6bedf6ef97a0028a1580713224",
      "created_at": "2025-11-29T03:14:12.409Z",
      "last_used_at": null,
      "is_active": false
    }
  },
  {
    "model": "pulse.qrcode",
    "pk": 9,
    "fields": {
      "user": 8,
      "organization": 1,
      "token": "e3b7456e7034cc9317efa6eb617a0793",
      "created_at": "2025-11-29T03:16:39.958Z",
      "last_used_at": null,
      "is_active": false
    }
  },
  {
    "model": "pulse.qrcode",
    "pk": 10,
    "fields": {
      "user": 8,
      "organization": 4,
      "token": "91b8e4720350c175a778a3b2ccd374b1",
      "created_at": "2025-11-29T03:43:15.953Z",
      "last_used_at": null,
      "is_active": false
    }
  },
  {
    "model": "pulse.qrcode",
    "pk": 11,
    "fields": {
      "user": 5,
      "organization": 5,
      "token": "1b28d3eb8fe67cec5fca3d9c86abffff",
      "created_at": "2025-11-29T18:04:58.253Z",
      "last_used_at": null,
      "is_active": false
    }
  },
  {
    "model": "pulse.qrcode",
    "pk": 12,
    "fields": {
      "user": 3,
      "organization": 4,
      "token": "9ff558d73449dde9aec78c3e720a8cfc",
      "created_at": "2025-11-29T18:05:21.088Z",
      "last_used_at": null,
      "is_active": false
    }
  },
  {
    "model": "pulse.qrcode",
    "pk": 13,
    "fields": {
      "user": 3,
      "organization": 2,
      "token": "7cb7ecd8a00073b0379cd75664de5b5e",
      "created_at": "2025-11-29T18:05:33.964Z",
      "last_used_at": null,
      "is_active": false
    }
  },
  {
    "model": "pulse.qrcode",
    "pk": 14,
    "fields": {
      "user": 9,
      "organization": null,
      "token": "e1e0dbcd5e9b6ae0588a09cca8c82506",
      "created_at": "2025-11-30T04:26:00.417Z",
      "last_used_at": null,
      "is_active": true
    }
  },
  {
    "model": "pulse.qrcode",
    "pk": 15,
    "fields": {
      "user": 9,
      "organization": 9,
      "token": "66c255e7377a6bcf89b79bc8d6812cec",
      "created_at": "2025-11-30T04:26:55.877Z",
      "last_used_at": null,
      "is_active": false
    }
  },
  {
    "model": "pulse.qrcode",
    "pk": 16,
    "fields": {
      "user": 8,
      "organization": 10,
      "token": "5a279b6de6410e929f1cb6172a418cac",
      "created_at": "2025-11-30T04:27:48.094Z",
      "last_used_at": null,
      "is_active": false
    }
  },
  {
    "model": "pulse.qrcode",
    "pk": 17,
    "fields": {
      "user": 8,
      "organization": 11,
      "token": "0d73b4f1d499327c0d5c8d9348077a51",
      "created_at": "2025-11-30T04:43:12.570Z",
      "last_used_at": null,
      "is_active": false
    }
  },
  {
    "model": "pulse.qrcode",
    "pk": 18,
    "fields": {
      "user": 5,
      "organization": 12,
      "token": "01f80e39394c2fd67e32ab8f2cee3b40",
      "created_at": "2025-11-30T04:45:47.058Z",
      "last_used_at": null,
      "is_active": false
    }
  },
  {
    "model": "pulse.qrcode",
    "pk": 19,
    "fields": {
      "user": 5,
      "organization": 11,
      "token": "911eba5cecfcc7055fd3f7ae4499f770",
      "created_at": "2025-11-30T05:15:28.383Z",
      "last_used_at": null,
      "is_active": false
    }
  },
  {
    "model": "pulse.qrcode",
    "pk": 20,
    "fields": {
      "user": 5,
      "organization": 10,
      "token": "13eb163913c838c63802bf8fc08a62a5",
      "created_at": "2025-11-30T05:22:25.942Z",
      "last_used_at": null,
      "is_active": false
    }
  },
  {
    "model": "pulse.qrcode",
    "pk": 21,
    "fields": {
      "user": 10,
      "organization": null,
      "token": "1cf26f661ee4cf86b9c0c5160ef01cbf",
      "created_at": "2025-11-30T11:09:54.180Z",
      "last_used_at": null,
      "is_active": true
    }
  },
  {
    "model": "pulse.qrcode",
    "pk": 22,
    "fields": {
      "user": 12,
      "organization": null,
      "token": "9a4f0219a14541e88e0327ea30589569",
      "created_at": "2025-11-30T11:17:17.016Z",
      "last_used_at": null,
      "is_active": true
    }
  },
  {
    "model": "pulse.qrcode",
    "pk": 23,
    "fields": {
      "user": 12,
      "organization": 13,
      "token": "6f286c93549eb6b1608409af269416cf",
      "created_at": "2025-11-30T11:18:51.582Z",
      "last_used_at": null,
      "is_active": false
    }
  },
  {
    "model": "pulse.qrcode",
    "pk": 24,
    "fields": {
      "user": 3,
      "organization": 11,
      "token": "ee94cff465bc845a871deeee1d0a37cb",
      "created_at": "2025-11-30T11:19:19.672Z",
      "last_used_at": null,
      "is_active": false
    }
  },
  {
    "model": "pulse.qrcode",
    "pk": 25,
    "fields": {
      "user": 16,
      "organization": null,
      "token": "873f03ec9517ba543e25730f656c26e7",
      "created_at": "2025-11-30T11:42:41.051Z",
      "last_used_at": null,
      "is_active": true
    }
  },
  {
    "model": "pulse.qrcode",
    "pk": 26,
    "fields": {
      "user": 18,
      "organization": 4,
      "token": "89aec67584b15cff8ce57301dff468a9",
      "created_at": "2025-11-30T13:51:16.384Z",
      "last_used_at": null,
      "is_active": false
    }
  },
  {
    "model": "pulse.qrcode",
    "pk": 27,
    "fields": {
      "user": 18,
      "organization": null,
      "token": "7d912fdfb13c35576cf11a2a382f90c6",
      "created_at": "2025-11-30T13:52:56.870Z",
      "last_used_at": "2025-11-30T14:10:09.050Z",
      "is_active": true
    }
  },
  {
    "model": "pulse.attendancerecord",
    "pk": 1,
    "fields": {
      "event": 6,
      "user": 4,
      "organizer": 3,
      "attendance_type": "TIME_IN",
      "timestamp": "2025-11-28T19:31:08.237Z",
      "points_awarded": 10,
      "notes": ""
    }
  },
  {
    "model": "pulse.attendancerecord",
    "pk": 2,
    "fields": {
      "event": 6,
      "user": 4,
      "organizer": 3,
      "attendance_type": "TIME_OUT",
      "timestamp": "2025-11-28T19:32:00.527Z",
      "points_awarded": 10,
      "notes": ""
    }
  },
  {
    "model": "pulse.attendancerecord",
    "pk": 3,
    "fields": {
      "event": 7,
      "user": 3,
      "organizer": 3,
      "attendance_type": "MORNING_IN",
      "timestamp": "2025-11-29T18:45:00.277Z",
      "points_awarded": 10,
      "notes": "Approved excuse: asdf"
    }
  },
  {
    "model": "pulse.attendancerecord",
    "pk": 4,
    "fields": {
      "event": 11,
      "user": 4,
      "organizer": 3,
      "attendance_type": "M",
      "timestamp": "2025-11-29T21:48:01.287Z",
      "points_awarded": 15,
      "notes": ""
    }
  },
  {
    "model": "pulse.attendancerecord",
    "pk": 5,
    "fields": {
      "event": 12,
      "user": 4,
      "organizer": 3,
      "attendance_type": "M",
      "timestamp": "2025-11-29T21:51:36.141Z",
      "points_awarded": 5,
      "notes": ""
    }
  },
  {
    "model": "pulse.attendancerecord",
    "pk": 6,
    "fields": {
      "event": 13,
      "user": 4,
      "organizer": 3,
      "attendance_type": "M",
      "timestamp": "2025-11-29T22:00:26.474Z",
      "points_awarded": 5,
      "notes": ""
    }
  },
  {
    "model": "pulse.attendancerecord",
    "pk": 7,
    "fields": {
      "event": 14,
      "user": 4,
      "organizer": 3,
      "attendance_type": "M",
      "timestamp": "2025-11-29T22:08:46.560Z",
      "points_awarded": 5,
      "notes": ""
    }
  },
  {
    "model": "pulse.attendancerecord",
    "pk": 8,
    "fields": {
      "event": 15,
      "user": 4,
      "organizer": 3,
      "attendance_type": "M",
      "timestamp": "2025-11-29T22:10:55.916Z",
      "points_awarded": 5,
      "notes": ""
    }
  },
  {
    "model": "pulse.attendancerecord",
    "pk": 9,
    "fields": {
      "event": 16,
      "user": 4,
      "organizer": 3,
      "attendance_type": "M",
      "timestamp": "2025-11-29T22:16:48.010Z",
      "points_awarded": 5,
      "notes": ""
    }
  },
  {
    "model": "pulse.attendancerecord",
    "pk": 10,
    "fields": {
      "event": 17,
      "user": 4,
      "organizer": 3,
      "attendance_type": "M",
      "timestamp": "2025-11-29T22:19:52.164Z",
      "points_awarded": 5,
      "notes": ""
    }
  },
  {
    "model": "pulse.attendancerecord",
    "pk": 11,
    "fields": {
      "event": 19,
      "user": 4,
      "organizer": 3,
      "attendance_type": "MORNING_IN",
      "timestamp": "2025-11-29T23:22:45.339Z",
      "points_awarded": 10,
      "notes": ""
    }
  },
  {
    "model": "pulse.attendancerecord",
    "pk": 12,
    "fields": {
      "event": 20,
      "user": 4,
      "organizer": 3,
      "attendance_type": "MORNING_OUT",
      "timestamp": "2025-11-29T23:28:20.439Z",
      "points_awarded": 2,
      "notes": ""
    }
  },
  {
    "model": "pulse.attendancerecord",
    "pk": 13,
    "fields": {
      "event": 11,
      "user": 4,
      "organizer": 3,
      "attendance_type": "MORNING_IN",
      "timestamp": "2025-11-29T23:37:39.236Z",
      "points_awarded": 15,
      "notes": ""
    }
  },
  {
    "model": "pulse.attendancerecord",
    "pk": 14,
    "fields": {
      "event": 17,
      "user": 4,
      "organizer": 3,
      "attendance_type": "MORNING_IN",
      "timestamp": "2025-11-29T23:45:38.268Z",
      "points_awarded": 5,
      "notes": ""
    }
  },
  {
    "model": "pulse.attendancerecord",
    "pk": 15,
    "fields": {
      "event": 17,
      "user": 4,
      "organizer": 3,
      "attendance_type": "MORNING_OUT",
      "timestamp": "2025-11-29T23:45:46.773Z",
      "points_awarded": 5,
      "notes": ""
    }
  },
  {
    "model": "pulse.attendancerecord",
    "pk": 16,
    "fields": {
      "event": 16,
      "user": 4,
      "organizer": 3,
      "attendance_type": "MORNING_OUT",
      "timestamp": "2025-11-29T23:45:53.970Z",
      "points_awarded": 5,
      "notes": ""
    }
  },
  {
    "model": "pulse.attendancerecord",
    "pk": 17,
    "fields": {
      "event": 15,
      "user": 4,
      "organizer": 3,
      "attendance_type": "MORNING_IN",
      "timestamp": "2025-11-29T23:46:39.613Z",
      "points_awarded": 5,
      "notes": ""
    }
  },
  {
    "model": "pulse.attendancerecord",
    "pk": 18,
    "fields": {
      "event": 20,
      "user": 4,
      "organizer": 3,
      "attendance_type": "AFTERNOON_OUT",
      "timestamp": "2025-11-29T23:47:24.870Z",
      "points_awarded": 2,
      "notes": ""
    }
  },
  {
    "model": "pulse.attendancerecord",
    "pk": 19,
    "fields": {
      "event": 19,
      "user": 5,
      "organizer": 3,
      "attendance_type": "MORNING_IN",
      "timestamp": "2025-11-30T05:57:57.266Z",
      "points_awarded": 10,
      "notes": ""
    }
  },
  {
    "model": "pulse.attendancerecord",
    "pk": 20,
    "fields": {
      "event": 20,
      "user": 4,
      "organizer": 3,
      "attendance_type": "MORNING_IN",
      "timestamp": "2025-11-30T06:33:03.367Z",
      "points_awarded": 2,
      "notes": ""
    }
  },
  {
    "model": "pulse.attendancerecord",
    "pk": 21,
    "fields": {
      "event": 21,
      "user": 4,
      "organizer": 3,
      "attendance_type": "MORNING_IN",
      "timestamp": "2025-11-30T08:06:53.458Z",
      "points_awarded": 10,
      "notes": ""
    }
  },
  {
    "model": "pulse.attendancerecord",
    "pk": 22,
    "fields": {
      "event": 22,
      "user": 3,
      "organizer": 8,
      "attendance_type": "AFTERNOON_IN",
      "timestamp": "2025-11-30T11:07:01.440Z",
      "points_awarded": 5,
      "notes": ""
    }
  },
  {
    "model": "pulse.attendancerecord",
    "pk": 23,
    "fields": {
      "event": 6,
      "user": 4,
      "organizer": 8,
      "attendance_type": "ALL",
      "timestamp": "2025-11-30T11:09:42.213Z",
      "points_awarded": 10,
      "notes": "Approved excuse: asdfsafd"
    }
  },
  {
    "model": "pulse.attendancerecord",
    "pk": 24,
    "fields": {
      "event": 22,
      "user": 3,
      "organizer": 8,
      "attendance_type": "AFTERNOON_OUT",
      "timestamp": "2025-11-30T11:11:00.825Z",
      "points_awarded": 5,
      "notes": ""
    }
  },
  {
    "model": "pulse.attendancerecord",
    "pk": 25,
    "fields": {
      "event": 24,
      "user": 18,
      "organizer": 8,
      "attendance_type": "AFTERNOON_IN",
      "timestamp": "2025-11-30T14:10:09.035Z",
      "points_awarded": 5,
      "notes": ""
    }
  },
  {
    "model": "pulse.excuse",
    "pk": 1,
    "fields": {
      "event": 9,
      "user": 3,
      "attendance_type": "ALL",
      "reason": "asdasdas",
      "proof_link": "https://googledrive.com",
      "status": "APPROVED",
      "reviewed_by": 3,
      "reviewed_at": "2025-11-29T17:55:12.563Z",
      "review_notes": "",
      "created_at": "2025-11-29T17:15:11.484Z",
      "updated_at": "2025-11-29T17:55:12.563Z"
    }
  },
  {
    "model": "pulse.excuse",
    "pk": 2,
    "fields": {
      "event": 6,
      "user": 5,
      "attendance_type": "ALL",
      "reason": "asdf",
      "proof_link": "https://google.com",
      "status": "APPROVED",
      "reviewed_by": 3,
      "reviewed_at": "2025-11-29T17:55:54.020Z",
      "review_notes": "asdasd",
      "created_at": "2025-11-29T17:55:42.673Z",
      "updated_at": "2025-11-29T17:55:54.020Z"
    }
  },
  {
    "model": "pulse.excuse",
    "pk": 3,
    "fields": {
      "event": 6,
      "user": 5,
      "attendance_type": "MORNING_IN",
      "reason": "asdf",
      "proof_link": "https://google.com",
      "status": "APPROVED",
      "reviewed_by": 5,
      "reviewed_at": "2025-11-29T18:34:29.057Z",
      "review_notes": "",
      "created_at": "2025-11-29T18:34:01.870Z",
      "updated_at": "2025-11-29T18:34:29.057Z"
    }
  },
  {
    "model": "pulse.excuse",
    "pk": 4,
    "fields": {
      "event": 6,
      "user": 4,
      "attendance_type": "MORNING_IN",
      "reason": "asd",
      "proof_link": "https://googledrive.com",
      "status": "APPROVED",
      "reviewed_by": 5,
      "reviewed_at": "2025-11-29T18:38:41.219Z",
      "review_notes": "",
      "created_at": "2025-11-29T18:37:41.168Z",
      "updated_at": "2025-11-29T18:38:41.219Z"
    }
  },
  {
    "model": "pulse.excuse",
    "pk": 5,
    "fields": {
      "event": 6,
      "user": 3,
      "attendance_type": "ALL",
      "reason": "asdfsadf",
      "proof_link": "https://mail.google.com/mail/u/0/#inbox/FMfcgzQdzcpNtTlCNqHXHTZtszfBZHhS",
      "status": "APPROVED",
      "reviewed_by": 5,
      "reviewed_at": "2025-11-29T18:41:53.099Z",
      "review_notes": "",
      "created_at": "2025-11-29T18:41:39.684Z",
      "updated_at": "2025-11-29T18:41:53.099Z"
    }
  },
  {
    "model": "pulse.excuse",
    "pk": 6,
    "fields": {
      "event": 7,
      "user": 3,
      "attendance_type": "MORNING_IN",
      "reason": "asdf",
      "proof_link": "https://mail.google.com/mail/u/0/#inbox/FMfcgzQdzcpNtTlCNqHXHTZtszfBZHhS",
      "status": "APPROVED",
      "reviewed_by": 3,
      "reviewed_at": "2025-11-29T18:45:00.271Z",
      "review_notes": "",
      "created_at": "2025-11-29T18:44:45.778Z",
      "updated_at": "2025-11-29T18:45:00.271Z"
    }
  },
  {
    "model": "pulse.excuse",
    "pk": 7,
    "fields": {
      "event": 6,
      "user": 4,
      "attendance_type": "ALL",
      "reason": "asdfsafd",
      "proof_link": "https://googledrive.com",
      "status": "APPROVED",
      "reviewed_by": 8,
      "reviewed_at": "2025-11-30T11:09:42.178Z",
      "review_notes": "Get well soon.",
      "created_at": "2025-11-29T18:56:01.325Z",
      "updated_at": "2025-11-30T11:09:42.178Z"
    }
  },
  {
    "model": "pulse.excuse",
    "pk": 8,
    "fields": {
      "event": 20,
      "user": 4,
      "attendance_type": "AFTERNOON_IN",
      "reason": "asdasd",
      "proof_link": "https://googledrive.com",
      "status": "PENDING",
      "reviewed_by": null,
      "reviewed_at": null,
      "review_notes": "",
      "created_at": "2025-11-29T23:47:43.037Z",
      "updated_at": "2025-11-29T23:47:43.037Z"
    }
  },
  {
    "model": "pulse.excuse",
    "pk": 9,
    "fields": {
      "event": 22,
      "user": 3,
      "attendance_type": "MORNING_IN",
      "reason": "present pero di naka pa scan",
      "proof_link": "",
      "status": "REJECTED",
      "reviewed_by": 8,
      "reviewed_at": "2025-11-30T11:08:58.552Z",
      "review_notes": "Just because may picture ka doesn't mean maaga ka.",
      "created_at": "2025-11-30T11:07:47.354Z",
      "updated_at": "2025-11-30T11:08:58.552Z"
    }
  }
]